Student ID,Full Name,Attendance Rate (%),Daily Study Hours,Internal Assessment (%),Assignment Score (%),Previous Semester Score (%),Predicted Score (%),Classification,Risk Level,Actionable Recommendation
STU20240001,Oliver Walker,59.6,3.9,65.4,64.1,56.2,59.0,Moderate / Average,Medium Risk,"Focus on weaker topics, improve internal marks, and add 1-2 study hours daily."
STU20240002,Arjun Singh,94.8,4.5,79.0,86.8,74.9,79.3,High Distinction,Low Risk,Maintain current study consistency and active participation.
STU20240003,Alexander Mukherjee,71.1,6.1,71.8,55.8,54.5,63.1,Moderate / Average,Medium Risk,"Focus on weaker topics, improve internal marks, and add 1-2 study hours daily."
STU20240004,Tanvi Taylor,100.0,4.5,76.5,80.5,69.3,77.0,High Distinction,Low Risk,Maintain current study consistency and active participation.
STU20240005,Michael Smith,75.5,5.7,82.6,83.7,63.7,74.1,Moderate / Average,Medium Risk,"Focus on weaker topics, improve internal marks, and add 1-2 study hours daily."
STU20240006,Siddharth Harris,67.4,4.5,64.9,67.4,71.8,65.6,Moderate / Average,Medium Risk,"Focus on weaker topics, improve internal marks, and add 1-2 study hours daily."
STU20240007,Sanjay Kapoor,72.2,4.0,66.0,57.2,59.6,61.3,Moderate / Average,Medium Risk,"Focus on weaker topics, improve internal marks, and add 1-2 study hours daily."
STU20240008,Amelia Harris,58.2,5.4,70.9,74.7,59.1,64.5,Moderate / Average,Medium Risk,"Focus on weaker topics, improve internal marks, and add 1-2 study hours daily."
STU20240009,Rohan Jackson,84.8,5.3,78.0,69.6,69.8,73.1,Moderate / Average,Medium Risk,"Focus on weaker topics, improve internal marks, and add 1-2 study hours daily."
STU20240010,Sanjay Verma,72.1,3.9,82.7,59.7,57.4,65.3,Moderate / Average,Medium Risk,"Focus on weaker topics, improve internal marks, and add 1-2 study hours daily."
STU20240011,Sarah Perez,93.8,2.9,54.2,64.3,72.2,66.1,Moderate / Average,Medium Risk,"Focus on weaker topics, improve internal marks, and add 1-2 study hours daily."
STU20240012,Charlotte Verma,74.2,4.8,73.0,68.4,72.1,69.6,Moderate / Average,Medium Risk,"Focus on weaker topics, improve internal marks, and add 1-2 study hours daily."
STU20240013,Shreya Thomas,97.4,4.3,70.7,79.4,83.2,78.1,High Distinction,Low Risk,Maintain current study consistency and active participation.
STU20240014,Ethan Johnson,88.6,3.2,61.3,60.2,75.1,67.1,Moderate / Average,Medium Risk,"Focus on weaker topics, improve internal marks, and add 1-2 study hours daily."
STU20240015,Tanvi Jackson,78.4,2.7,60.4,57.0,69.1,62.2,Moderate / Average,Medium Risk,"Focus on weaker topics, improve internal marks, and add 1-2 study hours daily."
STU20240016,William Martin,100.0,4.9,81.2,74.0,74.4,78.6,High Distinction,Low Risk,Maintain current study consistency and active participation.
STU20240017,Abigail Lewis,91.3,5.2,79.2,69.1,71.6,75.0,High Distinction,Low Risk,Maintain current study consistency and active participation.
STU20240018,Nikhil Robinson,100.0,3.6,61.3,77.3,65.1,70.7,Moderate / Average,Medium Risk,"Focus on weaker topics, improve internal marks, and add 1-2 study hours daily."
STU20240019,Shreya Miller,72.3,3.2,58.7,68.7,54.0,59.6,Moderate / Average,Medium Risk,"Focus on weaker topics, improve internal marks, and add 1-2 study hours daily."
STU20240020,Arjun Patel,79.1,2.7,68.1,68.8,65.7,65.7,Moderate / Average,Medium Risk,"Focus on weaker topics, improve internal marks, and add 1-2 study hours daily."
STU20240021,Mason Gupta,100.0,4.9,71.9,82.3,70.5,77.0,High Distinction,Low Risk,Maintain current study consistency and active participation.
STU20240022,Alexander Kumar,56.4,2.8,45.4,73.5,70.8,57.8,Moderate / Average,Medium Risk,"Focus on weaker topics, improve internal marks, and add 1-2 study hours daily."
STU20240023,Oliver Wilson,96.4,8.2,67.2,90.9,86.0,84.0,High Distinction,Low Risk,Maintain current study consistency and active participation.
STU20240024,Priya Martin,84.2,3.5,63.2,77.8,83.0,72.4,Moderate / Average,Medium Risk,"Focus on weaker topics, improve internal marks, and add 1-2 study hours daily."
STU20240025,Shreya Brown,65.6,0.5,41.3,52.4,58.2,49.0,Needs Attention,High Risk,Immediate remedial assistance recommended. Boost attendance and study hours.
STU20240026,Ella Kumar,58.9,4.1,51.8,71.1,53.1,56.3,Moderate / Average,Medium Risk,"Focus on weaker topics, improve internal marks, and add 1-2 study hours daily."
STU20240027,Jessica Verma,68.6,4.1,62.8,62.2,63.7,61.9,Moderate / Average,Medium Risk,"Focus on weaker topics, improve internal marks, and add 1-2 study hours daily."
STU20240028,Ishita Robinson,46.0,6.2,57.2,66.7,46.0,54.5,Moderate / Average,Medium Risk,"Focus on weaker topics, improve internal marks, and add 1-2 study hours daily."
STU20240029,Harper Gupta,71.1,4.7,56.8,56.4,68.9,61.6,Moderate / Average,Medium Risk,"Focus on weaker topics, improve internal marks, and add 1-2 study hours daily."
STU20240030,William Singh,86.7,2.7,47.2,71.2,59.6,61.0,Moderate / Average,Medium Risk,"Focus on weaker topics, improve internal marks, and add 1-2 study hours daily."
STU20240031,Harper Joshi,71.3,3.7,68.4,57.6,52.9,59.8,Moderate / Average,Medium Risk,"Focus on weaker topics, improve internal marks, and add 1-2 study hours daily."
STU20240032,Divya Davis,97.4,4.8,86.8,87.4,91.7,86.4,High Distinction,Low Risk,Maintain current study consistency and active participation.
STU20240033,Ava Bhat,100.0,0.5,62.6,77.1,74.8,70.3,Moderate / Average,Medium Risk,"Focus on weaker topics, improve internal marks, and add 1-2 study hours daily."
STU20240034,Priya Verma,95.9,6.6,81.8,78.7,91.4,84.8,High Distinction,Low Risk,Maintain current study consistency and active participation.
STU20240035,Rahul Reddy,81.2,2.7,66.1,86.1,72.3,70.8,Moderate / Average,Medium Risk,"Focus on weaker topics, improve internal marks, and add 1-2 study hours daily."
STU20240036,Deepika Walker,45.5,6.8,80.7,61.7,52.0,61.4,Moderate / Average,Medium Risk,"Focus on weaker topics, improve internal marks, and add 1-2 study hours daily."
STU20240037,Meera Clark,68.1,4.9,52.2,53.6,62.5,57.9,Moderate / Average,Medium Risk,"Focus on weaker topics, improve internal marks, and add 1-2 study hours daily."
STU20240038,William Menon,76.0,5.3,68.2,65.1,67.1,67.3,Moderate / Average,Medium Risk,"Focus on weaker topics, improve internal marks, and add 1-2 study hours daily."
STU20240039,Karan Kapoor,65.5,6.3,54.1,61.2,52.7,58.3,Moderate / Average,Medium Risk,"Focus on weaker topics, improve internal marks, and add 1-2 study hours daily."
STU20240040,Divya Chopra,76.0,5.2,75.7,75.3,64.6,70.5,Moderate / Average,Medium Risk,"Focus on weaker topics, improve internal marks, and add 1-2 study hours daily."
STU20240041,Evelyn Jones,100.0,5.4,80.8,70.4,73.7,78.1,High Distinction,Low Risk,Maintain current study consistency and active participation.
STU20240042,Vikram Brown,55.0,3.9,61.5,55.8,60.2,56.5,Moderate / Average,Medium Risk,"Focus on weaker topics, improve internal marks, and add 1-2 study hours daily."
STU20240043,Michael Bhat,100.0,4.9,82.2,83.1,100.0,87.1,High Distinction,Low Risk,Maintain current study consistency and active participation.
STU20240044,Alexander Miller,90.4,3.1,81.0,73.3,68.7,73.3,Moderate / Average,Medium Risk,"Focus on weaker topics, improve internal marks, and add 1-2 study hours daily."
STU20240045,Henry Wilson,81.8,3.6,74.6,70.0,68.7,69.8,Moderate / Average,Medium Risk,"Focus on weaker topics, improve internal marks, and add 1-2 study hours daily."
STU20240046,Harper Harris,68.0,7.7,85.1,76.2,72.4,75.9,High Distinction,Low Risk,Maintain current study consistency and active participation.
STU20240047,Jessica Martin,65.8,2.7,49.3,58.4,66.5,56.5,Moderate / Average,Medium Risk,"Focus on weaker topics, improve internal marks, and add 1-2 study hours daily."
STU20240048,Shreya Walker,55.2,4.5,73.4,47.8,50.1,56.0,Moderate / Average,Medium Risk,"Focus on weaker topics, improve internal marks, and add 1-2 study hours daily."
STU20240049,Arjun Sharma,100.0,4.4,71.9,75.4,95.2,81.3,High Distinction,Low Risk,Maintain current study consistency and active participation.
STU20240050,Daniel Gupta,99.5,3.6,69.7,81.0,72.4,75.2,High Distinction,Low Risk,Maintain current study consistency and active participation.
STU20240051,Neha Harris,58.3,5.1,67.3,63.7,59.8,61.3,Moderate / Average,Medium Risk,"Focus on weaker topics, improve internal marks, and add 1-2 study hours daily."
STU20240052,Aarav Singh,70.3,5.3,73.1,73.5,78.2,71.9,Moderate / Average,Medium Risk,"Focus on weaker topics, improve internal marks, and add 1-2 study hours daily."
STU20240053,Sarah Smith,84.1,2.5,55.9,62.9,56.0,59.9,Moderate / Average,Medium Risk,"Focus on weaker topics, improve internal marks, and add 1-2 study hours daily."
STU20240054,Rajesh Davis,73.8,4.4,66.9,78.0,74.2,70.0,Moderate / Average,Medium Risk,"Focus on weaker topics, improve internal marks, and add 1-2 study hours daily."
STU20240055,Vikram Joshi,51.1,2.3,67.7,32.2,66.8,52.6,Moderate / Average,Medium Risk,"Focus on weaker topics, improve internal marks, and add 1-2 study hours daily."
STU20240056,Benjamin Bose,68.8,5.6,55.8,71.4,66.5,64.2,Moderate / Average,Medium Risk,"Focus on weaker topics, improve internal marks, and add 1-2 study hours daily."
STU20240057,Nikhil Nair,100.0,4.5,94.3,91.4,97.0,90.6,High Distinction,Low Risk,Maintain current study consistency and active participation.
STU20240058,Noah Mukherjee,69.7,4.3,64.2,80.7,71.7,68.4,Moderate / Average,Medium Risk,"Focus on weaker topics, improve internal marks, and add 1-2 study hours daily."
STU20240059,Tanvi Robinson,75.7,5.4,49.2,70.2,77.3,66.2,Moderate / Average,Medium Risk,"Focus on weaker topics, improve internal marks, and add 1-2 study hours daily."
STU20240060,Sneha Kumar,62.0,3.7,48.0,50.9,74.5,56.9,Moderate / Average,Medium Risk,"Focus on weaker topics, improve internal marks, and add 1-2 study hours daily."
STU20240061,Vikram Johnson,86.2,5.8,68.4,89.6,91.9,81.0,High Distinction,Low Risk,Maintain current study consistency and active participation.
STU20240062,Mia Bose,79.6,2.5,58.6,66.0,66.0,62.8,Moderate / Average,Medium Risk,"Focus on weaker topics, improve internal marks, and add 1-2 study hours daily."
STU20240063,Evelyn White,67.6,6.7,72.4,71.0,79.7,72.4,Moderate / Average,Medium Risk,"Focus on weaker topics, improve internal marks, and add 1-2 study hours daily."
STU20240064,Sarah Rao,59.7,3.2,32.1,52.7,72.5,51.8,Moderate / Average,Medium Risk,"Focus on weaker topics, improve internal marks, and add 1-2 study hours daily."
STU20240065,Benjamin Bhat,97.7,1.1,69.5,58.6,53.9,63.2,Moderate / Average,Medium Risk,"Focus on weaker topics, improve internal marks, and add 1-2 study hours daily."
STU20240066,Emily Lewis,55.5,3.6,48.2,65.2,40.9,50.0,Moderate / Average,Medium Risk,"Focus on weaker topics, improve internal marks, and add 1-2 study hours daily."
STU20240067,Benjamin Sharma,85.1,3.4,83.8,76.9,67.4,73.6,Moderate / Average,Medium Risk,"Focus on weaker topics, improve internal marks, and add 1-2 study hours daily."
STU20240068,Benjamin Rao,47.8,3.6,52.9,59.0,38.0,47.7,Needs Attention,High Risk,Immediate remedial assistance recommended. Boost attendance and study hours.
STU20240069,Harper Brown,87.9,4.6,84.3,68.0,69.4,74.2,Moderate / Average,Medium Risk,"Focus on weaker topics, improve internal marks, and add 1-2 study hours daily."
STU20240070,Rohan Sharma,91.6,6.2,92.6,70.7,81.8,82.3,High Distinction,Low Risk,Maintain current study consistency and active participation.
STU20240071,Ananya Clark,93.3,3.9,85.6,62.3,69.6,73.8,Moderate / Average,Medium Risk,"Focus on weaker topics, improve internal marks, and add 1-2 study hours daily."
STU20240072,Manish Brown,75.7,3.0,59.2,61.2,62.1,60.7,Moderate / Average,Medium Risk,"Focus on weaker topics, improve internal marks, and add 1-2 study hours daily."
STU20240073,Oliver Lewis,100.0,2.2,66.2,64.4,59.6,66.5,Moderate / Average,Medium Risk,"Focus on weaker topics, improve internal marks, and add 1-2 study hours daily."
STU20240074,Neha Jones,100.0,3.4,73.6,61.1,81.1,74.3,Moderate / Average,Medium Risk,"Focus on weaker topics, improve internal marks, and add 1-2 study hours daily."
STU20240075,Arjun Clark,73.5,0.8,63.3,65.8,45.5,55.9,Moderate / Average,Medium Risk,"Focus on weaker topics, improve internal marks, and add 1-2 study hours daily."
STU20240076,Noah Williams,71.7,2.9,57.9,52.6,40.8,52.4,Moderate / Average,Medium Risk,"Focus on weaker topics, improve internal marks, and add 1-2 study hours daily."
STU20240077,Rajesh Deshmukh,80.1,6.4,76.3,85.3,73.2,76.9,High Distinction,Low Risk,Maintain current study consistency and active participation.
STU20240078,Oliver Deshmukh,71.3,2.7,64.9,67.4,70.2,64.2,Moderate / Average,Medium Risk,"Focus on weaker topics, improve internal marks, and add 1-2 study hours daily."
STU20240079,Priya Perez,69.3,5.3,60.6,72.2,69.0,66.0,Moderate / Average,Medium Risk,"Focus on weaker topics, improve internal marks, and add 1-2 study hours daily."
STU20240080,Mason White,70.5,2.0,49.9,76.8,47.0,55.7,Moderate / Average,Medium Risk,"Focus on weaker topics, improve internal marks, and add 1-2 study hours daily."
STU20240081,Oliver Jones,100.0,7.4,87.1,74.9,86.2,85.7,High Distinction,Low Risk,Maintain current study consistency and active participation.
STU20240082,Elijah Walker,88.8,7.5,84.3,90.4,86.0,85.9,High Distinction,Low Risk,Maintain current study consistency and active participation.
STU20240083,Ava Williams,71.3,5.3,74.8,67.7,69.8,69.2,Moderate / Average,Medium Risk,"Focus on weaker topics, improve internal marks, and add 1-2 study hours daily."
STU20240084,Olivia Gupta,43.6,7.8,74.1,89.2,64.0,68.9,Moderate / Average,Medium Risk,"Focus on weaker topics, improve internal marks, and add 1-2 study hours daily."
STU20240085,Nikhil Jackson,56.4,4.8,51.9,60.0,67.0,57.8,Moderate / Average,Medium Risk,"Focus on weaker topics, improve internal marks, and add 1-2 study hours daily."
STU20240086,Emma Verma,85.0,5.6,68.8,71.4,57.2,68.4,Moderate / Average,Medium Risk,"Focus on weaker topics, improve internal marks, and add 1-2 study hours daily."
STU20240087,Noah Iyer,48.3,6.5,55.4,68.4,55.5,57.6,Moderate / Average,Medium Risk,"Focus on weaker topics, improve internal marks, and add 1-2 study hours daily."
STU20240088,Emma Robinson,82.1,4.5,86.4,70.6,57.2,70.9,Moderate / Average,Medium Risk,"Focus on weaker topics, improve internal marks, and add 1-2 study hours daily."
STU20240089,William Anderson,63.1,1.4,53.5,50.7,67.8,54.5,Moderate / Average,Medium Risk,"Focus on weaker topics, improve internal marks, and add 1-2 study hours daily."
STU20240090,Sophia Smith,79.3,5.6,74.8,65.4,79.7,73.2,Moderate / Average,Medium Risk,"Focus on weaker topics, improve internal marks, and add 1-2 study hours daily."
STU20240091,Tanvi Robinson,78.9,3.4,68.0,81.6,67.7,69.4,Moderate / Average,Medium Risk,"Focus on weaker topics, improve internal marks, and add 1-2 study hours daily."
STU20240092,Daniel Mukherjee,79.7,3.5,60.9,58.6,51.9,59.4,Moderate / Average,Medium Risk,"Focus on weaker topics, improve internal marks, and add 1-2 study hours daily."
STU20240093,Ethan Sharma,72.5,4.7,84.7,71.3,74.9,73.4,Moderate / Average,Medium Risk,"Focus on weaker topics, improve internal marks, and add 1-2 study hours daily."
STU20240094,Harsh Lewis,72.0,5.2,74.6,79.9,82.7,74.9,Moderate / Average,Medium Risk,"Focus on weaker topics, improve internal marks, and add 1-2 study hours daily."
STU20240095,Harsh Williams,67.9,4.5,67.0,77.0,71.0,68.0,Moderate / Average,Medium Risk,"Focus on weaker topics, improve internal marks, and add 1-2 study hours daily."
STU20240096,Liam Patel,84.8,5.3,64.8,70.1,73.2,70.8,Moderate / Average,Medium Risk,"Focus on weaker topics, improve internal marks, and add 1-2 study hours daily."
STU20240097,Oliver Iyer,89.3,2.9,58.4,69.3,74.3,67.8,Moderate / Average,Medium Risk,"Focus on weaker topics, improve internal marks, and add 1-2 study hours daily."
STU20240098,Vikram Lewis,60.9,4.1,59.4,59.8,64.3,59.2,Moderate / Average,Medium Risk,"Focus on weaker topics, improve internal marks, and add 1-2 study hours daily."
STU20240099,Neha Rao,77.3,5.7,67.2,59.8,81.4,70.3,Moderate / Average,Medium Risk,"Focus on weaker topics, improve internal marks, and add 1-2 study hours daily."
STU20240100,Ethan Harris,80.8,7.4,70.3,84.0,87.5,79.8,High Distinction,Low Risk,Maintain current study consistency and active participation.
STU20240101,Arjun Deshmukh,80.6,8.0,79.1,81.0,78.0,79.6,High Distinction,Low Risk,Maintain current study consistency and active participation.
STU20240102,Olivia Harris,80.3,5.0,71.0,86.0,64.5,72.1,Moderate / Average,Medium Risk,"Focus on weaker topics, improve internal marks, and add 1-2 study hours daily."
STU20240103,Liam Johnson,72.4,5.7,73.6,64.4,66.4,68.1,Moderate / Average,Medium Risk,"Focus on weaker topics, improve internal marks, and add 1-2 study hours daily."
STU20240104,Oliver Verma,81.9,7.8,77.7,90.4,85.4,83.0,High Distinction,Low Risk,Maintain current study consistency and active participation.
STU20240105,Rohan Rao,86.7,3.0,59.2,80.9,64.0,67.3,Moderate / Average,Medium Risk,"Focus on weaker topics, improve internal marks, and add 1-2 study hours daily."
STU20240106,Abigail Davis,80.0,5.3,64.2,74.1,64.4,68.3,Moderate / Average,Medium Risk,"Focus on weaker topics, improve internal marks, and add 1-2 study hours daily."
STU20240107,Nikhil Verma,85.1,5.6,89.1,56.8,74.6,74.9,Moderate / Average,Medium Risk,"Focus on weaker topics, improve internal marks, and add 1-2 study hours daily."
STU20240108,Aditi Robinson,91.9,6.8,71.0,77.3,91.6,81.3,High Distinction,Low Risk,Maintain current study consistency and active participation.
STU20240109,Deepika White,52.1,2.2,56.5,71.4,54.2,54.6,Moderate / Average,Medium Risk,"Focus on weaker topics, improve internal marks, and add 1-2 study hours daily."
STU20240110,Mason Deshmukh,91.2,2.5,74.7,73.6,64.7,70.3,Moderate / Average,Medium Risk,"Focus on weaker topics, improve internal marks, and add 1-2 study hours daily."
STU20240111,Ethan Sharma,82.8,4.2,70.3,78.2,72.8,72.2,Moderate / Average,Medium Risk,"Focus on weaker topics, improve internal marks, and add 1-2 study hours daily."
STU20240112,Aditya Verma,62.4,4.9,83.3,65.2,65.4,67.6,Moderate / Average,Medium Risk,"Focus on weaker topics, improve internal marks, and add 1-2 study hours daily."
STU20240113,Sanjay Clark,89.2,6.2,85.5,77.4,58.5,75.5,High Distinction,Low Risk,Maintain current study consistency and active participation.
STU20240114,Olivia Iyer,72.4,5.1,88.7,53.5,75.6,71.4,Moderate / Average,Medium Risk,"Focus on weaker topics, improve internal marks, and add 1-2 study hours daily."
STU20240115,Olivia Reddy,74.3,3.9,60.7,75.1,69.8,66.4,Moderate / Average,Medium Risk,"Focus on weaker topics, improve internal marks, and add 1-2 study hours daily."
STU20240116,Manish Smith,70.9,4.9,62.7,78.9,67.7,67.5,Moderate / Average,Medium Risk,"Focus on weaker topics, improve internal marks, and add 1-2 study hours daily."
STU20240117,Sunita Davis,82.2,4.7,78.2,64.4,81.5,73.9,Moderate / Average,Medium Risk,"Focus on weaker topics, improve internal marks, and add 1-2 study hours daily."
STU20240118,Charlotte Harris,67.0,7.3,72.5,72.1,85.5,74.6,Moderate / Average,Medium Risk,"Focus on weaker topics, improve internal marks, and add 1-2 study hours daily."
STU20240119,Ananya Menon,90.6,4.5,92.5,72.9,81.2,80.6,High Distinction,Low Risk,Maintain current study consistency and active participation.
STU20240120,Rahul Jackson,76.1,3.5,70.1,71.4,56.6,64.7,Moderate / Average,Medium Risk,"Focus on weaker topics, improve internal marks, and add 1-2 study hours daily."
STU20240121,Siddharth Miller,72.9,5.0,59.7,65.3,60.4,62.7,Moderate / Average,Medium Risk,"Focus on weaker topics, improve internal marks, and add 1-2 study hours daily."
STU20240122,Ethan Kumar,88.5,4.6,57.8,83.5,83.9,74.4,Moderate / Average,Medium Risk,"Focus on weaker topics, improve internal marks, and add 1-2 study hours daily."
STU20240123,Shreya Iyer,73.5,1.4,58.1,62.1,39.2,52.8,Moderate / Average,Medium Risk,"Focus on weaker topics, improve internal marks, and add 1-2 study hours daily."
STU20240124,Rhea Walker,91.3,4.2,74.1,52.2,71.1,69.2,Moderate / Average,Medium Risk,"Focus on weaker topics, improve internal marks, and add 1-2 study hours daily."
STU20240125,Rohan Anderson,91.7,4.0,77.6,78.8,76.5,76.6,High Distinction,Low Risk,Maintain current study consistency and active participation.
STU20240126,Shreya Kapoor,59.3,3.2,71.1,69.5,40.9,57.0,Moderate / Average,Medium Risk,"Focus on weaker topics, improve internal marks, and add 1-2 study hours daily."
STU20240127,Aditya Clark,93.5,6.1,92.7,70.4,81.4,82.4,High Distinction,Low Risk,Maintain current study consistency and active participation.
STU20240128,Rohan Taylor,57.5,2.8,51.2,62.5,66.1,56.1,Moderate / Average,Medium Risk,"Focus on weaker topics, improve internal marks, and add 1-2 study hours daily."
STU20240129,Ishita Deshmukh,94.4,5.0,65.8,94.8,61.2,74.6,Moderate / Average,Medium Risk,"Focus on weaker topics, improve internal marks, and add 1-2 study hours daily."
STU20240130,Sneha Bose,100.0,3.9,65.1,78.8,91.3,78.8,High Distinction,Low Risk,Maintain current study consistency and active participation.
STU20240131,Amelia Mukherjee,90.2,4.4,67.8,85.6,62.7,72.2,Moderate / Average,Medium Risk,"Focus on weaker topics, improve internal marks, and add 1-2 study hours daily."
STU20240132,Meera Bhat,47.8,4.9,56.1,56.4,65.2,56.1,Moderate / Average,Medium Risk,"Focus on weaker topics, improve internal marks, and add 1-2 study hours daily."
STU20240133,Aarav Smith,92.9,1.8,71.0,69.6,65.1,68.3,Moderate / Average,Medium Risk,"Focus on weaker topics, improve internal marks, and add 1-2 study hours daily."
STU20240134,Emma Martin,100.0,4.5,71.4,77.4,77.2,77.1,High Distinction,Low Risk,Maintain current study consistency and active participation.
STU20240135,Ella White,73.8,8.3,83.9,75.3,65.9,75.6,High Distinction,Low Risk,Maintain current study consistency and active participation.
STU20240136,Lucas Perez,77.5,1.4,64.1,61.6,71.9,63.2,Moderate / Average,Medium Risk,"Focus on weaker topics, improve internal marks, and add 1-2 study hours daily."
STU20240137,Noah Joshi,61.4,4.1,64.1,48.9,65.0,58.4,Moderate / Average,Medium Risk,"Focus on weaker topics, improve internal marks, and add 1-2 study hours daily."
STU20240138,Sneha Miller,82.4,6.2,66.5,73.8,91.6,77.0,High Distinction,Low Risk,Maintain current study consistency and active participation.
STU20240139,Jessica Verma,95.8,4.7,83.0,90.2,63.1,78.4,High Distinction,Low Risk,Maintain current study consistency and active participation.
STU20240140,Aarav Johnson,87.8,5.4,98.2,68.2,73.1,79.4,High Distinction,Low Risk,Maintain current study consistency and active participation.
STU20240141,Ananya Rao,100.0,0.5,69.1,59.7,66.6,66.4,Moderate / Average,Medium Risk,"Focus on weaker topics, improve internal marks, and add 1-2 study hours daily."
STU20240142,Olivia Kumar,78.5,5.3,43.8,73.6,72.0,64.7,Moderate / Average,Medium Risk,"Focus on weaker topics, improve internal marks, and add 1-2 study hours daily."
STU20240143,Liam Joshi,55.2,2.8,68.4,59.0,62.4,58.3,Moderate / Average,Medium Risk,"Focus on weaker topics, improve internal marks, and add 1-2 study hours daily."
STU20240144,Aditya Miller,80.4,4.8,65.5,75.9,68.6,69.6,Moderate / Average,Medium Risk,"Focus on weaker topics, improve internal marks, and add 1-2 study hours daily."
STU20240145,Rohan Anderson,44.2,4.1,78.5,56.0,77.0,63.0,Moderate / Average,Medium Risk,"Focus on weaker topics, improve internal marks, and add 1-2 study hours daily."
STU20240146,Sarah Bose,70.5,8.3,80.9,78.2,78.0,77.8,High Distinction,Low Risk,Maintain current study consistency and active participation.
STU20240147,Sarah Smith,100.0,5.2,64.8,77.8,49.8,69.4,Moderate / Average,Medium Risk,"Focus on weaker topics, improve internal marks, and add 1-2 study hours daily."
STU20240148,Abigail Singh,82.6,4.0,50.2,59.9,69.8,62.5,Moderate / Average,Medium Risk,"Focus on weaker topics, improve internal marks, and add 1-2 study hours daily."
STU20240149,Ava Das,80.5,1.5,77.4,63.7,73.3,68.0,Moderate / Average,Medium Risk,"Focus on weaker topics, improve internal marks, and add 1-2 study hours daily."
STU20240150,Amelia Anderson,100.0,4.4,90.1,85.5,67.0,80.8,High Distinction,Low Risk,Maintain current study consistency and active participation.
STU20240151,Benjamin Martin,74.2,5.7,95.2,77.1,61.2,75.1,High Distinction,Low Risk,Maintain current study consistency and active participation.
STU20240152,Benjamin Martin,95.7,4.1,76.5,60.9,65.4,70.9,Moderate / Average,Medium Risk,"Focus on weaker topics, improve internal marks, and add 1-2 study hours daily."
STU20240153,James Wilson,79.8,3.3,66.9,70.8,55.1,63.9,Moderate / Average,Medium Risk,"Focus on weaker topics, improve internal marks, and add 1-2 study hours daily."
STU20240154,Lucas Wilson,83.3,3.2,64.7,61.6,62.0,63.9,Moderate / Average,Medium Risk,"Focus on weaker topics, improve internal marks, and add 1-2 study hours daily."
STU20240155,Aditi Joshi,61.0,5.2,59.5,78.7,74.0,66.5,Moderate / Average,Medium Risk,"Focus on weaker topics, improve internal marks, and add 1-2 study hours daily."
STU20240156,Rhea Kapoor,71.3,5.6,67.5,74.0,85.0,72.8,Moderate / Average,Medium Risk,"Focus on weaker topics, improve internal marks, and add 1-2 study hours daily."
STU20240157,Ethan Reddy,58.4,6.7,72.0,77.0,44.3,62.9,Moderate / Average,Medium Risk,"Focus on weaker topics, improve internal marks, and add 1-2 study hours daily."
STU20240158,Ethan Brown,76.7,2.4,54.9,65.3,58.3,59.1,Moderate / Average,Medium Risk,"Focus on weaker topics, improve internal marks, and add 1-2 study hours daily."
STU20240159,Alexander Anderson,83.5,5.1,58.0,73.9,75.6,70.0,Moderate / Average,Medium Risk,"Focus on weaker topics, improve internal marks, and add 1-2 study hours daily."
STU20240160,Sunita Singh,62.5,4.0,64.4,77.2,63.9,64.0,Moderate / Average,Medium Risk,"Focus on weaker topics, improve internal marks, and add 1-2 study hours daily."
STU20240161,Sneha Patel,100.0,4.0,69.1,86.8,94.0,82.1,High Distinction,Low Risk,Maintain current study consistency and active participation.
STU20240162,Varun Bose,81.9,4.9,41.0,74.4,51.3,59.2,Moderate / Average,Medium Risk,"Focus on weaker topics, improve internal marks, and add 1-2 study hours daily."
STU20240163,Evelyn Johnson,78.8,4.9,77.7,70.4,44.4,65.3,Moderate / Average,Medium Risk,"Focus on weaker topics, improve internal marks, and add 1-2 study hours daily."
STU20240164,Nikhil Jackson,88.8,5.2,66.1,61.4,95.3,75.6,High Distinction,Low Risk,Maintain current study consistency and active participation.
STU20240165,Manish Jackson,66.4,2.3,65.5,63.9,65.7,61.2,Moderate / Average,Medium Risk,"Focus on weaker topics, improve internal marks, and add 1-2 study hours daily."
STU20240166,Lucas Perez,80.3,2.9,72.8,66.6,59.1,65.3,Moderate / Average,Medium Risk,"Focus on weaker topics, improve internal marks, and add 1-2 study hours daily."
STU20240167,Charlotte Das,68.0,6.9,77.1,78.1,74.2,73.9,Moderate / Average,Medium Risk,"Focus on weaker topics, improve internal marks, and add 1-2 study hours daily."
STU20240168,Henry Singh,99.8,3.8,100.0,85.1,76.8,85.0,High Distinction,Low Risk,Maintain current study consistency and active participation.
STU20240169,David Lewis,63.2,4.8,64.3,77.1,58.6,63.6,Moderate / Average,Medium Risk,"Focus on weaker topics, improve internal marks, and add 1-2 study hours daily."
STU20240170,Mia Thomas,78.9,6.1,73.2,78.3,75.3,74.7,Moderate / Average,Medium Risk,"Focus on weaker topics, improve internal marks, and add 1-2 study hours daily."
STU20240171,Sophia Bose,82.6,5.0,80.9,64.5,75.5,73.5,Moderate / Average,Medium Risk,"Focus on weaker topics, improve internal marks, and add 1-2 study hours daily."
STU20240172,Emma Bose,83.5,5.2,74.5,55.4,93.0,74.9,Moderate / Average,Medium Risk,"Focus on weaker topics, improve internal marks, and add 1-2 study hours daily."
STU20240173,Ananya Taylor,69.9,5.8,83.1,63.6,79.5,73.1,Moderate / Average,Medium Risk,"Focus on weaker topics, improve internal marks, and add 1-2 study hours daily."
STU20240174,Priya Joshi,65.5,0.5,40.1,68.1,69.8,54.7,Moderate / Average,Medium Risk,"Focus on weaker topics, improve internal marks, and add 1-2 study hours daily."
STU20240175,Abigail Davis,70.1,3.3,51.1,81.3,49.0,58.6,Moderate / Average,Medium Risk,"Focus on weaker topics, improve internal marks, and add 1-2 study hours daily."
STU20240176,William Robinson,85.4,5.0,82.8,72.8,69.4,74.7,Moderate / Average,Medium Risk,"Focus on weaker topics, improve internal marks, and add 1-2 study hours daily."
STU20240177,Sophia Walker,76.0,6.7,65.2,62.5,77.1,70.0,Moderate / Average,Medium Risk,"Focus on weaker topics, improve internal marks, and add 1-2 study hours daily."
STU20240178,Lucas Iyer,89.1,4.3,80.5,68.8,52.9,69.2,Moderate / Average,Medium Risk,"Focus on weaker topics, improve internal marks, and add 1-2 study hours daily."
STU20240179,Benjamin Rao,84.7,2.7,71.2,79.2,77.6,72.7,Moderate / Average,Medium Risk,"Focus on weaker topics, improve internal marks, and add 1-2 study hours daily."
STU20240180,Sarah Walker,46.1,2.7,45.1,48.9,58.7,47.7,Needs Attention,High Risk,Immediate remedial assistance recommended. Boost attendance and study hours.
STU20240181,Abigail Chopra,81.5,5.8,79.8,80.8,70.3,75.8,High Distinction,Low Risk,Maintain current study consistency and active participation.
STU20240182,Benjamin Bose,100.0,3.8,64.8,79.0,72.6,74.0,Moderate / Average,Medium Risk,"Focus on weaker topics, improve internal marks, and add 1-2 study hours daily."
STU20240183,Kavita Thomas,96.6,4.2,67.1,83.6,86.9,78.7,High Distinction,Low Risk,Maintain current study consistency and active participation.
STU20240184,Olivia White,83.9,5.3,73.1,91.5,65.3,75.0,High Distinction,Low Risk,Maintain current study consistency and active participation.
STU20240185,Ethan Patel,63.2,0.5,52.7,60.6,64.6,54.6,Moderate / Average,Medium Risk,"Focus on weaker topics, improve internal marks, and add 1-2 study hours daily."
STU20240186,Meera Martin,84.7,7.8,80.8,83.0,78.5,81.2,High Distinction,Low Risk,Maintain current study consistency and active participation.
STU20240187,Noah Chopra,88.4,2.9,74.0,88.2,75.2,75.5,High Distinction,Low Risk,Maintain current study consistency and active participation.
STU20240188,Deepika Patel,74.4,4.6,73.4,72.9,68.7,69.6,Moderate / Average,Medium Risk,"Focus on weaker topics, improve internal marks, and add 1-2 study hours daily."
STU20240189,Amelia Harris,82.4,1.1,76.8,56.9,82.5,68.8,Moderate / Average,Medium Risk,"Focus on weaker topics, improve internal marks, and add 1-2 study hours daily."
STU20240190,Ella Deshmukh,99.1,3.4,74.6,82.3,64.0,74.3,Moderate / Average,Medium Risk,"Focus on weaker topics, improve internal marks, and add 1-2 study hours daily."
STU20240191,Harper Jackson,66.0,6.4,83.8,75.1,64.6,71.7,Moderate / Average,Medium Risk,"Focus on weaker topics, improve internal marks, and add 1-2 study hours daily."
STU20240192,Michael Verma,63.2,0.8,62.0,53.2,37.5,49.0,Needs Attention,High Risk,Immediate remedial assistance recommended. Boost attendance and study hours.
STU20240193,David Verma,87.7,6.2,100.0,74.2,66.3,80.2,High Distinction,Low Risk,Maintain current study consistency and active participation.
STU20240194,Jessica Davis,84.4,3.7,69.3,68.6,75.8,70.6,Moderate / Average,Medium Risk,"Focus on weaker topics, improve internal marks, and add 1-2 study hours daily."
STU20240195,Amelia Bose,92.4,5.1,74.1,73.1,91.6,79.6,High Distinction,Low Risk,Maintain current study consistency and active participation.
STU20240196,Neha Mukherjee,86.0,5.4,89.3,73.8,82.6,80.3,High Distinction,Low Risk,Maintain current study consistency and active participation.
STU20240197,James Clark,70.1,5.0,72.9,61.6,67.5,66.4,Moderate / Average,Medium Risk,"Focus on weaker topics, improve internal marks, and add 1-2 study hours daily."
STU20240198,Benjamin Martin,84.1,2.6,79.8,71.9,56.3,67.8,Moderate / Average,Medium Risk,"Focus on weaker topics, improve internal marks, and add 1-2 study hours daily."
STU20240199,Sarah Williams,62.0,3.5,68.2,65.1,69.2,63.3,Moderate / Average,Medium Risk,"Focus on weaker topics, improve internal marks, and add 1-2 study hours daily."
STU20240200,Shreya Gupta,74.5,1.6,38.9,65.4,49.4,51.7,Moderate / Average,Medium Risk,"Focus on weaker topics, improve internal marks, and add 1-2 study hours daily."
STU20240201,Harsh Kapoor,85.0,5.1,79.1,74.5,59.6,71.7,Moderate / Average,Medium Risk,"Focus on weaker topics, improve internal marks, and add 1-2 study hours daily."
STU20240202,Henry Anderson,73.0,7.3,80.7,74.4,72.4,75.1,High Distinction,Low Risk,Maintain current study consistency and active participation.
STU20240203,Aarav Singh,100.0,0.9,69.2,83.2,45.4,66.2,Moderate / Average,Medium Risk,"Focus on weaker topics, improve internal marks, and add 1-2 study hours daily."
STU20240204,Lucas Miller,51.5,2.8,53.2,57.2,40.6,48.0,Needs Attention,High Risk,Immediate remedial assistance recommended. Boost attendance and study hours.
STU20240205,Divya Johnson,70.3,3.9,49.7,77.8,83.2,66.7,Moderate / Average,Medium Risk,"Focus on weaker topics, improve internal marks, and add 1-2 study hours daily."
STU20240206,Rajesh White,64.9,4.5,74.1,56.9,48.5,59.5,Moderate / Average,Medium Risk,"Focus on weaker topics, improve internal marks, and add 1-2 study hours daily."
STU20240207,Arjun Robinson,68.2,5.8,74.6,75.7,57.4,67.6,Moderate / Average,Medium Risk,"Focus on weaker topics, improve internal marks, and add 1-2 study hours daily."
STU20240208,Mia Verma,69.0,3.9,76.1,59.4,64.6,64.8,Moderate / Average,Medium Risk,"Focus on weaker topics, improve internal marks, and add 1-2 study hours daily."
STU20240209,Olivia White,59.4,3.6,44.9,56.6,60.8,53.2,Moderate / Average,Medium Risk,"Focus on weaker topics, improve internal marks, and add 1-2 study hours daily."
STU20240210,Emily Martin,88.5,6.2,85.3,75.4,75.2,79.1,High Distinction,Low Risk,Maintain current study consistency and active participation.
STU20240211,Tanvi Jackson,70.3,5.4,68.1,65.9,48.8,61.9,Moderate / Average,Medium Risk,"Focus on weaker topics, improve internal marks, and add 1-2 study hours daily."
STU20240212,Tanvi Jackson,80.3,5.2,75.2,69.3,80.2,74.0,Moderate / Average,Medium Risk,"Focus on weaker topics, improve internal marks, and add 1-2 study hours daily."
STU20240213,Abigail Iyer,71.9,4.4,65.6,79.3,61.9,66.5,Moderate / Average,Medium Risk,"Focus on weaker topics, improve internal marks, and add 1-2 study hours daily."
STU20240214,Arjun Rao,68.3,6.0,77.0,71.4,82.1,73.7,Moderate / Average,Medium Risk,"Focus on weaker topics, improve internal marks, and add 1-2 study hours daily."
STU20240215,Ethan Singh,100.0,3.0,73.0,77.5,65.6,73.2,Moderate / Average,Medium Risk,"Focus on weaker topics, improve internal marks, and add 1-2 study hours daily."
STU20240216,Sanjay Nair,90.9,2.8,59.8,67.4,78.0,68.9,Moderate / Average,Medium Risk,"Focus on weaker topics, improve internal marks, and add 1-2 study hours daily."
STU20240217,Oliver Reddy,51.8,5.5,64.2,71.1,75.6,65.0,Moderate / Average,Medium Risk,"Focus on weaker topics, improve internal marks, and add 1-2 study hours daily."
STU20240218,Rahul Deshmukh,50.4,1.3,47.2,55.6,44.9,45.5,Needs Attention,High Risk,Immediate remedial assistance recommended. Boost attendance and study hours.
STU20240219,Kavita Perez,92.6,4.4,75.3,73.4,82.4,77.0,High Distinction,Low Risk,Maintain current study consistency and active participation.
STU20240220,Harper Joshi,70.7,3.6,32.9,51.6,50.3,48.9,Needs Attention,High Risk,Immediate remedial assistance recommended. Boost attendance and study hours.
STU20240221,Manish Bhat,54.9,1.7,59.2,57.1,55.0,52.6,Moderate / Average,Medium Risk,"Focus on weaker topics, improve internal marks, and add 1-2 study hours daily."
STU20240222,Kavita Miller,92.6,2.5,66.9,76.6,80.1,73.1,Moderate / Average,Medium Risk,"Focus on weaker topics, improve internal marks, and add 1-2 study hours daily."
STU20240223,Amit Perez,80.4,4.0,56.5,61.7,73.3,64.9,Moderate / Average,Medium Risk,"Focus on weaker topics, improve internal marks, and add 1-2 study hours daily."
STU20240224,Aditya Davis,81.5,6.1,86.3,73.6,98.9,83.4,High Distinction,Low Risk,Maintain current study consistency and active participation.
STU20240225,Sunita Taylor,89.3,3.0,76.7,76.3,74.0,73.8,Moderate / Average,Medium Risk,"Focus on weaker topics, improve internal marks, and add 1-2 study hours daily."
STU20240226,Emma Clark,59.7,6.4,66.1,54.5,64.4,61.9,Moderate / Average,Medium Risk,"Focus on weaker topics, improve internal marks, and add 1-2 study hours daily."
STU20240227,Mason Clark,55.2,4.3,49.3,55.9,88.6,61.0,Moderate / Average,Medium Risk,"Focus on weaker topics, improve internal marks, and add 1-2 study hours daily."
STU20240228,Sanjay White,100.0,6.6,87.9,87.9,99.1,90.9,High Distinction,Low Risk,Maintain current study consistency and active participation.
STU20240229,Neha Johnson,57.9,3.1,59.3,69.7,41.5,53.8,Moderate / Average,Medium Risk,"Focus on weaker topics, improve internal marks, and add 1-2 study hours daily."
STU20240230,Sanjay Sharma,60.9,4.1,71.7,83.1,53.8,64.3,Moderate / Average,Medium Risk,"Focus on weaker topics, improve internal marks, and add 1-2 study hours daily."
STU20240231,Tanvi Sharma,63.7,4.9,61.7,84.1,54.6,63.5,Moderate / Average,Medium Risk,"Focus on weaker topics, improve internal marks, and add 1-2 study hours daily."
STU20240232,Harper Menon,100.0,3.9,89.4,79.0,81.2,82.4,High Distinction,Low Risk,Maintain current study consistency and active participation.
STU20240233,Olivia Martin,84.9,5.9,72.4,72.7,81.1,75.8,High Distinction,Low Risk,Maintain current study consistency and active participation.
STU20240234,Amelia Sharma,91.5,0.5,49.7,74.3,67.2,62.9,Moderate / Average,Medium Risk,"Focus on weaker topics, improve internal marks, and add 1-2 study hours daily."
STU20240235,Rhea Mukherjee,80.7,8.6,73.5,77.3,65.7,75.0,High Distinction,Low Risk,Maintain current study consistency and active participation.
STU20240236,Ananya Jackson,69.6,5.7,70.5,63.8,63.1,65.8,Moderate / Average,Medium Risk,"Focus on weaker topics, improve internal marks, and add 1-2 study hours daily."
STU20240237,James Patel,86.8,3.9,71.5,70.0,68.6,70.3,Moderate / Average,Medium Risk,"Focus on weaker topics, improve internal marks, and add 1-2 study hours daily."
STU20240238,Pooja Clark,56.2,3.2,61.0,55.5,39.1,50.6,Moderate / Average,Medium Risk,"Focus on weaker topics, improve internal marks, and add 1-2 study hours daily."
STU20240239,Rhea Rao,62.7,2.6,57.5,64.0,49.0,54.6,Moderate / Average,Medium Risk,"Focus on weaker topics, improve internal marks, and add 1-2 study hours daily."
STU20240240,Emily Walker,88.3,5.4,87.4,71.6,88.7,81.4,High Distinction,Low Risk,Maintain current study consistency and active participation.
STU20240241,Divya Robinson,59.0,6.0,65.2,68.2,51.1,60.5,Moderate / Average,Medium Risk,"Focus on weaker topics, improve internal marks, and add 1-2 study hours daily."
STU20240242,Ananya Perez,75.4,3.9,47.7,82.8,80.6,67.6,Moderate / Average,Medium Risk,"Focus on weaker topics, improve internal marks, and add 1-2 study hours daily."
STU20240243,Lucas Nair,76.0,6.2,74.0,75.5,84.1,76.0,High Distinction,Low Risk,Maintain current study consistency and active participation.
STU20240244,Pooja Miller,70.6,2.6,41.5,77.0,57.6,56.9,Moderate / Average,Medium Risk,"Focus on weaker topics, improve internal marks, and add 1-2 study hours daily."
STU20240245,Jessica Clark,50.7,2.2,55.0,65.6,45.9,50.7,Moderate / Average,Medium Risk,"Focus on weaker topics, improve internal marks, and add 1-2 study hours daily."
STU20240246,Evelyn Thomas,69.2,7.5,87.3,80.4,83.0,80.0,High Distinction,Low Risk,Maintain current study consistency and active participation.
STU20240247,Oliver Kapoor,66.5,5.3,58.7,65.3,59.3,61.2,Moderate / Average,Medium Risk,"Focus on weaker topics, improve internal marks, and add 1-2 study hours daily."
STU20240248,Ethan Perez,80.3,6.7,92.7,86.6,68.8,80.5,High Distinction,Low Risk,Maintain current study consistency and active participation.
STU20240249,Mason White,79.5,2.7,73.9,64.7,63.7,65.9,Moderate / Average,Medium Risk,"Focus on weaker topics, improve internal marks, and add 1-2 study hours daily."
STU20240250,Tanvi Mehta,83.3,2.5,78.4,67.9,43.4,63.2,Moderate / Average,Medium Risk,"Focus on weaker topics, improve internal marks, and add 1-2 study hours daily."
STU20240251,Deepika Nair,68.5,3.6,65.8,68.0,48.3,59.4,Moderate / Average,Medium Risk,"Focus on weaker topics, improve internal marks, and add 1-2 study hours daily."
STU20240252,Ava Menon,85.3,2.7,57.8,69.1,62.8,63.7,Moderate / Average,Medium Risk,"Focus on weaker topics, improve internal marks, and add 1-2 study hours daily."
STU20240253,Kavita Chopra,56.2,5.5,72.9,58.6,68.9,63.9,Moderate / Average,Medium Risk,"Focus on weaker topics, improve internal marks, and add 1-2 study hours daily."
STU20240254,Karan Taylor,52.5,2.8,48.7,43.2,46.8,45.8,Needs Attention,High Risk,Immediate remedial assistance recommended. Boost attendance and study hours.
STU20240255,Tanvi Deshmukh,45.3,2.1,51.0,61.1,48.2,48.2,Needs Attention,High Risk,Immediate remedial assistance recommended. Boost attendance and study hours.
STU20240256,Aarav Nair,71.0,4.5,66.1,73.4,50.2,62.5,Moderate / Average,Medium Risk,"Focus on weaker topics, improve internal marks, and add 1-2 study hours daily."
STU20240257,Henry Reddy,67.5,1.9,69.3,44.9,66.6,58.4,Moderate / Average,Medium Risk,"Focus on weaker topics, improve internal marks, and add 1-2 study hours daily."
STU20240258,Rhea Harris,89.1,1.0,71.1,59.6,64.4,64.6,Moderate / Average,Medium Risk,"Focus on weaker topics, improve internal marks, and add 1-2 study hours daily."
STU20240259,Rhea Verma,68.9,4.4,65.8,68.8,68.4,65.5,Moderate / Average,Medium Risk,"Focus on weaker topics, improve internal marks, and add 1-2 study hours daily."
STU20240260,Abigail Robinson,81.8,1.1,41.7,67.8,64.8,57.6,Moderate / Average,Medium Risk,"Focus on weaker topics, improve internal marks, and add 1-2 study hours daily."
STU20240261,Olivia Lewis,89.4,5.6,72.3,64.3,76.9,73.6,Moderate / Average,Medium Risk,"Focus on weaker topics, improve internal marks, and add 1-2 study hours daily."
STU20240262,Ishita Harris,68.4,1.7,64.8,59.4,52.2,56.5,Moderate / Average,Medium Risk,"Focus on weaker topics, improve internal marks, and add 1-2 study hours daily."
STU20240263,Pooja Joshi,82.2,0.5,62.3,67.3,69.6,63.4,Moderate / Average,Medium Risk,"Focus on weaker topics, improve internal marks, and add 1-2 study hours daily."
STU20240264,Shreya Bose,92.0,3.7,58.6,71.0,72.9,69.2,Moderate / Average,Medium Risk,"Focus on weaker topics, improve internal marks, and add 1-2 study hours daily."
STU20240265,Ethan Rao,60.7,4.5,45.6,66.6,61.1,56.6,Moderate / Average,Medium Risk,"Focus on weaker topics, improve internal marks, and add 1-2 study hours daily."
STU20240266,Pooja Patel,78.3,5.1,74.6,68.1,70.6,70.7,Moderate / Average,Medium Risk,"Focus on weaker topics, improve internal marks, and add 1-2 study hours daily."
STU20240267,Aarav Bose,68.5,4.5,56.2,75.5,65.2,63.6,Moderate / Average,Medium Risk,"Focus on weaker topics, improve internal marks, and add 1-2 study hours daily."
STU20240268,Amelia Mehta,61.6,2.3,47.4,52.0,54.7,50.5,Moderate / Average,Medium Risk,"Focus on weaker topics, improve internal marks, and add 1-2 study hours daily."
STU20240269,Elijah Walker,56.5,5.5,71.9,54.9,68.7,62.9,Moderate / Average,Medium Risk,"Focus on weaker topics, improve internal marks, and add 1-2 study hours daily."
STU20240270,Amit Johnson,61.3,5.9,80.4,68.3,57.8,66.4,Moderate / Average,Medium Risk,"Focus on weaker topics, improve internal marks, and add 1-2 study hours daily."
STU20240271,Lucas Verma,78.8,2.0,55.4,52.0,53.0,55.3,Moderate / Average,Medium Risk,"Focus on weaker topics, improve internal marks, and add 1-2 study hours daily."
STU20240272,Rajesh Joshi,55.4,3.9,59.2,41.9,64.7,54.3,Moderate / Average,Medium Risk,"Focus on weaker topics, improve internal marks, and add 1-2 study hours daily."
STU20240273,Michael Davis,70.3,3.7,64.2,75.7,62.3,64.5,Moderate / Average,Medium Risk,"Focus on weaker topics, improve internal marks, and add 1-2 study hours daily."
STU20240274,Jessica Singh,89.4,4.6,73.8,66.6,82.8,74.9,Moderate / Average,Medium Risk,"Focus on weaker topics, improve internal marks, and add 1-2 study hours daily."
STU20240275,James Clark,84.3,3.8,71.3,59.5,73.0,68.6,Moderate / Average,Medium Risk,"Focus on weaker topics, improve internal marks, and add 1-2 study hours daily."
STU20240276,Karan Clark,70.6,4.1,73.9,59.8,59.5,63.5,Moderate / Average,Medium Risk,"Focus on weaker topics, improve internal marks, and add 1-2 study hours daily."
STU20240277,Mia Gupta,100.0,5.4,75.5,73.8,85.0,80.3,High Distinction,Low Risk,Maintain current study consistency and active participation.
STU20240278,Priya Smith,100.0,2.2,56.8,72.2,81.6,71.2,Moderate / Average,Medium Risk,"Focus on weaker topics, improve internal marks, and add 1-2 study hours daily."
STU20240279,James Kapoor,78.4,5.5,90.9,63.7,76.4,75.7,High Distinction,Low Risk,Maintain current study consistency and active participation.
STU20240280,Daniel Thomas,43.4,6.3,73.4,66.7,68.7,63.8,Moderate / Average,Medium Risk,"Focus on weaker topics, improve internal marks, and add 1-2 study hours daily."
STU20240281,Harsh Kapoor,90.4,7.1,72.8,87.9,79.2,80.8,High Distinction,Low Risk,Maintain current study consistency and active participation.
STU20240282,Karan Rao,45.9,0.5,46.3,37.2,55.5,42.6,Needs Attention,High Risk,Immediate remedial assistance recommended. Boost attendance and study hours.
STU20240283,Neha Harris,98.7,3.9,87.1,71.7,68.4,76.9,High Distinction,Low Risk,Maintain current study consistency and active participation.
STU20240284,Benjamin Joshi,93.2,0.7,72.0,62.5,66.1,66.4,Moderate / Average,Medium Risk,"Focus on weaker topics, improve internal marks, and add 1-2 study hours daily."
STU20240285,Evelyn Kapoor,100.0,0.5,71.2,67.8,90.2,74.4,Moderate / Average,Medium Risk,"Focus on weaker topics, improve internal marks, and add 1-2 study hours daily."
STU20240286,Meera Mukherjee,81.6,4.5,70.3,82.0,75.4,73.6,Moderate / Average,Medium Risk,"Focus on weaker topics, improve internal marks, and add 1-2 study hours daily."
STU20240287,Olivia Harris,72.9,3.5,82.6,76.7,59.8,69.0,Moderate / Average,Medium Risk,"Focus on weaker topics, improve internal marks, and add 1-2 study hours daily."
STU20240288,Michael Deshmukh,71.7,4.7,70.9,91.5,63.0,70.8,Moderate / Average,Medium Risk,"Focus on weaker topics, improve internal marks, and add 1-2 study hours daily."
STU20240289,Mason Johnson,70.4,5.1,64.3,49.1,67.2,61.9,Moderate / Average,Medium Risk,"Focus on weaker topics, improve internal marks, and add 1-2 study hours daily."
STU20240290,Abigail Williams,91.7,6.4,90.9,72.5,87.8,83.9,High Distinction,Low Risk,Maintain current study consistency and active participation.
STU20240291,Michael Martin,88.0,4.3,74.9,90.5,73.2,77.0,High Distinction,Low Risk,Maintain current study consistency and active participation.
STU20240292,Benjamin Perez,79.7,9.5,90.8,67.8,77.9,81.2,High Distinction,Low Risk,Maintain current study consistency and active participation.
STU20240293,Varun Anderson,67.9,4.8,69.6,83.9,59.7,67.5,Moderate / Average,Medium Risk,"Focus on weaker topics, improve internal marks, and add 1-2 study hours daily."
STU20240294,Evelyn Martin,100.0,7.5,94.0,88.1,87.0,90.4,High Distinction,Low Risk,Maintain current study consistency and active participation.
STU20240295,Emily Williams,90.8,0.5,53.1,67.4,61.7,60.8,Moderate / Average,Medium Risk,"Focus on weaker topics, improve internal marks, and add 1-2 study hours daily."
STU20240296,Nikhil Taylor,55.6,6.6,53.8,56.1,71.8,60.3,Moderate / Average,Medium Risk,"Focus on weaker topics, improve internal marks, and add 1-2 study hours daily."
STU20240297,Abigail Kapoor,70.8,3.9,80.1,62.6,73.7,69.0,Moderate / Average,Medium Risk,"Focus on weaker topics, improve internal marks, and add 1-2 study hours daily."
STU20240298,Pooja Taylor,91.0,0.7,66.1,82.1,89.2,74.1,Moderate / Average,Medium Risk,"Focus on weaker topics, improve internal marks, and add 1-2 study hours daily."
STU20240299,Pooja Kumar,66.8,5.0,75.4,67.5,51.8,63.7,Moderate / Average,Medium Risk,"Focus on weaker topics, improve internal marks, and add 1-2 study hours daily."
STU20240300,Sneha Robinson,82.9,3.7,52.4,66.8,75.0,65.5,Moderate / Average,Medium Risk,"Focus on weaker topics, improve internal marks, and add 1-2 study hours daily."
STU20240301,Divya Chopra,91.3,5.2,88.8,81.3,76.5,81.0,High Distinction,Low Risk,Maintain current study consistency and active participation.
STU20240302,Kavita Taylor,30.6,6.0,51.2,54.9,38.3,45.5,Needs Attention,High Risk,Immediate remedial assistance recommended. Boost attendance and study hours.
STU20240303,Tanvi Miller,76.5,1.5,52.3,65.9,71.8,61.0,Moderate / Average,Medium Risk,"Focus on weaker topics, improve internal marks, and add 1-2 study hours daily."
STU20240304,Sanjay Nair,77.0,6.0,74.4,66.6,77.2,72.6,Moderate / Average,Medium Risk,"Focus on weaker topics, improve internal marks, and add 1-2 study hours daily."
STU20240305,Benjamin Johnson,72.2,4.2,57.5,67.2,73.9,64.9,Moderate / Average,Medium Risk,"Focus on weaker topics, improve internal marks, and add 1-2 study hours daily."
STU20240306,Daniel Thomas,82.2,6.6,79.0,72.0,59.6,72.1,Moderate / Average,Medium Risk,"Focus on weaker topics, improve internal marks, and add 1-2 study hours daily."
STU20240307,Ava White,87.2,3.8,70.7,56.4,67.7,67.1,Moderate / Average,Medium Risk,"Focus on weaker topics, improve internal marks, and add 1-2 study hours daily."
STU20240308,Rhea Mukherjee,80.0,3.4,78.5,73.2,55.4,67.5,Moderate / Average,Medium Risk,"Focus on weaker topics, improve internal marks, and add 1-2 study hours daily."
STU20240309,Henry Mukherjee,72.8,4.2,82.7,57.1,87.7,72.8,Moderate / Average,Medium Risk,"Focus on weaker topics, improve internal marks, and add 1-2 study hours daily."
STU20240310,Divya Chopra,86.9,4.4,88.7,72.5,83.1,79.2,High Distinction,Low Risk,Maintain current study consistency and active participation.
STU20240311,Tanvi Nair,78.7,3.0,43.4,75.7,57.7,59.2,Moderate / Average,Medium Risk,"Focus on weaker topics, improve internal marks, and add 1-2 study hours daily."
STU20240312,Benjamin White,74.8,3.3,56.1,53.2,48.7,55.1,Moderate / Average,Medium Risk,"Focus on weaker topics, improve internal marks, and add 1-2 study hours daily."
STU20240313,James Smith,59.6,2.0,32.5,63.1,56.8,48.9,Needs Attention,High Risk,Immediate remedial assistance recommended. Boost attendance and study hours.
STU20240314,Meera Johnson,56.1,3.4,46.4,57.1,68.8,54.8,Moderate / Average,Medium Risk,"Focus on weaker topics, improve internal marks, and add 1-2 study hours daily."
STU20240315,Neha Mehta,59.4,5.4,59.5,57.4,47.6,55.5,Moderate / Average,Medium Risk,"Focus on weaker topics, improve internal marks, and add 1-2 study hours daily."
STU20240316,Tanvi Davis,81.9,4.0,74.7,89.3,59.3,71.7,Moderate / Average,Medium Risk,"Focus on weaker topics, improve internal marks, and add 1-2 study hours daily."
STU20240317,Charlotte Gupta,76.9,6.0,69.8,74.2,61.9,69.1,Moderate / Average,Medium Risk,"Focus on weaker topics, improve internal marks, and add 1-2 study hours daily."
STU20240318,Lucas Williams,57.3,3.9,55.5,56.4,68.4,57.6,Moderate / Average,Medium Risk,"Focus on weaker topics, improve internal marks, and add 1-2 study hours daily."
STU20240319,Amelia Kumar,87.0,1.6,66.7,60.0,59.6,62.6,Moderate / Average,Medium Risk,"Focus on weaker topics, improve internal marks, and add 1-2 study hours daily."
STU20240320,Ella Lewis,97.2,5.3,63.7,88.1,74.6,76.9,High Distinction,Low Risk,Maintain current study consistency and active participation.
STU20240321,Tanvi Verma,69.6,3.0,54.1,58.4,63.1,57.9,Moderate / Average,Medium Risk,"Focus on weaker topics, improve internal marks, and add 1-2 study hours daily."
STU20240322,Ananya Walker,53.6,3.8,53.6,66.7,49.4,53.6,Moderate / Average,Medium Risk,"Focus on weaker topics, improve internal marks, and add 1-2 study hours daily."
STU20240323,Mason Das,68.1,6.4,70.7,71.9,56.6,66.2,Moderate / Average,Medium Risk,"Focus on weaker topics, improve internal marks, and add 1-2 study hours daily."
STU20240324,Aditya Singh,90.0,2.1,68.5,79.5,79.5,73.0,Moderate / Average,Medium Risk,"Focus on weaker topics, improve internal marks, and add 1-2 study hours daily."
STU20240325,Evelyn Sharma,85.7,4.5,88.7,64.4,86.1,78.2,High Distinction,Low Risk,Maintain current study consistency and active participation.
STU20240326,Emily Davis,65.1,4.1,73.2,56.9,64.9,63.0,Moderate / Average,Medium Risk,"Focus on weaker topics, improve internal marks, and add 1-2 study hours daily."
STU20240327,Sneha Martin,99.3,5.5,74.6,79.0,81.8,80.3,High Distinction,Low Risk,Maintain current study consistency and active participation.
STU20240328,Henry Reddy,96.9,5.7,79.4,79.3,91.6,83.7,High Distinction,Low Risk,Maintain current study consistency and active participation.
STU20240329,Ava Iyer,67.7,4.7,63.8,64.3,67.4,63.9,Moderate / Average,Medium Risk,"Focus on weaker topics, improve internal marks, and add 1-2 study hours daily."
STU20240330,Shreya Chopra,67.6,3.6,58.4,88.4,58.3,64.0,Moderate / Average,Medium Risk,"Focus on weaker topics, improve internal marks, and add 1-2 study hours daily."
STU20240331,Aditya Mukherjee,69.7,5.1,71.9,87.8,68.1,71.6,Moderate / Average,Medium Risk,"Focus on weaker topics, improve internal marks, and add 1-2 study hours daily."
STU20240332,David Mehta,70.9,6.6,55.9,76.1,86.5,71.6,Moderate / Average,Medium Risk,"Focus on weaker topics, improve internal marks, and add 1-2 study hours daily."
STU20240333,Jessica Taylor,91.3,4.2,83.8,78.9,73.1,77.5,High Distinction,Low Risk,Maintain current study consistency and active participation.
STU20240334,Oliver Patel,84.0,3.7,87.4,69.0,61.8,71.6,Moderate / Average,Medium Risk,"Focus on weaker topics, improve internal marks, and add 1-2 study hours daily."
STU20240335,Henry Williams,90.3,4.9,74.1,67.1,75.8,73.9,Moderate / Average,Medium Risk,"Focus on weaker topics, improve internal marks, and add 1-2 study hours daily."
STU20240336,Ella Robinson,87.4,4.3,70.8,72.3,78.1,73.5,Moderate / Average,Medium Risk,"Focus on weaker topics, improve internal marks, and add 1-2 study hours daily."
STU20240337,Tanvi Anderson,100.0,1.8,72.3,79.4,73.8,74.2,Moderate / Average,Medium Risk,"Focus on weaker topics, improve internal marks, and add 1-2 study hours daily."
STU20240338,Emma Singh,63.2,4.6,75.2,77.3,69.4,68.8,Moderate / Average,Medium Risk,"Focus on weaker topics, improve internal marks, and add 1-2 study hours daily."
STU20240339,Liam Mukherjee,83.3,1.8,60.8,75.1,54.3,62.3,Moderate / Average,Medium Risk,"Focus on weaker topics, improve internal marks, and add 1-2 study hours daily."
STU20240340,Aarav Patel,47.6,4.9,69.1,46.8,67.1,57.8,Moderate / Average,Medium Risk,"Focus on weaker topics, improve internal marks, and add 1-2 study hours daily."
STU20240341,Amit Robinson,59.6,2.8,62.7,57.0,57.5,56.2,Moderate / Average,Medium Risk,"Focus on weaker topics, improve internal marks, and add 1-2 study hours daily."
STU20240342,Harsh Martin,77.0,4.3,93.2,56.8,60.7,69.5,Moderate / Average,Medium Risk,"Focus on weaker topics, improve internal marks, and add 1-2 study hours daily."
STU20240343,Sunita Bose,83.9,4.9,71.0,84.7,79.7,76.3,High Distinction,Low Risk,Maintain current study consistency and active participation.
STU20240344,Charlotte Iyer,76.6,8.6,63.4,76.9,76.1,74.2,Moderate / Average,Medium Risk,"Focus on weaker topics, improve internal marks, and add 1-2 study hours daily."
STU20240345,Tanvi Deshmukh,70.1,5.5,56.3,70.0,53.3,60.9,Moderate / Average,Medium Risk,"Focus on weaker topics, improve internal marks, and add 1-2 study hours daily."
STU20240346,Henry Thomas,72.5,6.7,75.6,78.6,63.5,71.7,Moderate / Average,Medium Risk,"Focus on weaker topics, improve internal marks, and add 1-2 study hours daily."
STU20240347,Rhea Thomas,97.2,7.6,98.5,100.0,83.0,92.4,High Distinction,Low Risk,Maintain current study consistency and active participation.
STU20240348,Siddharth Rao,72.6,5.1,63.8,72.8,74.5,68.8,Moderate / Average,Medium Risk,"Focus on weaker topics, improve internal marks, and add 1-2 study hours daily."
STU20240349,Ava Joshi,100.0,4.7,77.7,77.6,68.5,76.8,High Distinction,Low Risk,Maintain current study consistency and active participation.
STU20240350,Aditya Anderson,89.1,2.3,74.8,58.4,63.7,66.4,Moderate / Average,Medium Risk,"Focus on weaker topics, improve internal marks, and add 1-2 study hours daily."
STU20240351,Harsh Wilson,84.4,4.0,61.9,85.2,57.4,67.7,Moderate / Average,Medium Risk,"Focus on weaker topics, improve internal marks, and add 1-2 study hours daily."
STU20240352,Harper Brown,61.3,2.9,52.7,58.9,68.0,57.1,Moderate / Average,Medium Risk,"Focus on weaker topics, improve internal marks, and add 1-2 study hours daily."
STU20240353,Arjun Chopra,91.1,3.5,61.0,88.3,87.6,76.5,High Distinction,Low Risk,Maintain current study consistency and active participation.
STU20240354,Aarav Patel,71.1,7.6,89.5,86.0,91.8,84.3,High Distinction,Low Risk,Maintain current study consistency and active participation.
STU20240355,Rhea White,61.3,4.4,79.0,60.1,72.3,66.5,Moderate / Average,Medium Risk,"Focus on weaker topics, improve internal marks, and add 1-2 study hours daily."
STU20240356,Harsh Smith,85.2,2.6,51.6,56.3,74.2,62.4,Moderate / Average,Medium Risk,"Focus on weaker topics, improve internal marks, and add 1-2 study hours daily."
STU20240357,Pooja Mehta,58.6,6.7,68.5,71.5,47.9,61.8,Moderate / Average,Medium Risk,"Focus on weaker topics, improve internal marks, and add 1-2 study hours daily."
STU20240358,Olivia Miller,67.3,5.9,84.9,64.8,71.0,71.3,Moderate / Average,Medium Risk,"Focus on weaker topics, improve internal marks, and add 1-2 study hours daily."
STU20240359,Vikram Das,77.9,6.0,79.3,75.0,68.3,73.5,Moderate / Average,Medium Risk,"Focus on weaker topics, improve internal marks, and add 1-2 study hours daily."
STU20240360,Pooja Harris,100.0,0.6,62.0,78.9,73.6,70.3,Moderate / Average,Medium Risk,"Focus on weaker topics, improve internal marks, and add 1-2 study hours daily."
STU20240361,Emma Singh,68.4,7.7,61.5,60.4,49.7,61.3,Moderate / Average,Medium Risk,"Focus on weaker topics, improve internal marks, and add 1-2 study hours daily."
STU20240362,Tanvi Robinson,71.6,3.2,75.4,67.6,64.6,66.0,Moderate / Average,Medium Risk,"Focus on weaker topics, improve internal marks, and add 1-2 study hours daily."
STU20240363,Ava Clark,88.3,5.6,81.8,84.4,73.6,79.0,High Distinction,Low Risk,Maintain current study consistency and active participation.
STU20240364,Vikram Robinson,60.7,8.7,62.4,82.1,86.5,74.5,Moderate / Average,Medium Risk,"Focus on weaker topics, improve internal marks, and add 1-2 study hours daily."
STU20240365,Emma Rao,84.2,8.1,96.5,70.0,97.2,87.4,High Distinction,Low Risk,Maintain current study consistency and active participation.
STU20240366,Liam Kapoor,94.9,2.4,54.6,75.8,59.1,65.0,Moderate / Average,Medium Risk,"Focus on weaker topics, improve internal marks, and add 1-2 study hours daily."
STU20240367,David Davis,73.7,1.6,57.4,72.8,49.8,57.7,Moderate / Average,Medium Risk,"Focus on weaker topics, improve internal marks, and add 1-2 study hours daily."
STU20240368,Neha Bose,92.4,6.8,81.1,85.2,83.0,83.3,High Distinction,Low Risk,Maintain current study consistency and active participation.
STU20240369,Sanjay Anderson,82.1,4.5,88.4,71.4,87.6,79.2,High Distinction,Low Risk,Maintain current study consistency and active participation.
STU20240370,Amit Robinson,67.8,3.3,60.1,74.3,62.2,62.3,Moderate / Average,Medium Risk,"Focus on weaker topics, improve internal marks, and add 1-2 study hours daily."
STU20240371,Evelyn Walker,75.2,5.3,69.4,65.6,57.4,65.2,Moderate / Average,Medium Risk,"Focus on weaker topics, improve internal marks, and add 1-2 study hours daily."
STU20240372,Amit Joshi,72.7,3.9,52.9,53.6,59.1,57.2,Moderate / Average,Medium Risk,"Focus on weaker topics, improve internal marks, and add 1-2 study hours daily."
STU20240373,Rahul Wilson,76.8,5.5,66.9,71.1,73.4,70.2,Moderate / Average,Medium Risk,"Focus on weaker topics, improve internal marks, and add 1-2 study hours daily."
STU20240374,Rajesh Nair,80.1,4.3,62.6,76.0,71.3,69.0,Moderate / Average,Medium Risk,"Focus on weaker topics, improve internal marks, and add 1-2 study hours daily."
STU20240375,Harper Martin,86.2,5.5,69.4,85.9,67.6,74.2,Moderate / Average,Medium Risk,"Focus on weaker topics, improve internal marks, and add 1-2 study hours daily."
STU20240376,Aditi Mehta,85.1,2.6,67.4,73.6,59.3,66.0,Moderate / Average,Medium Risk,"Focus on weaker topics, improve internal marks, and add 1-2 study hours daily."
STU20240377,Sunita Perez,44.0,6.8,40.0,71.2,54.0,53.3,Moderate / Average,Medium Risk,"Focus on weaker topics, improve internal marks, and add 1-2 study hours daily."
STU20240378,Ella Nair,76.6,5.5,58.1,82.3,82.7,72.5,Moderate / Average,Medium Risk,"Focus on weaker topics, improve internal marks, and add 1-2 study hours daily."
STU20240379,Manish Bose,56.9,5.4,63.9,62.1,55.8,59.1,Moderate / Average,Medium Risk,"Focus on weaker topics, improve internal marks, and add 1-2 study hours daily."
STU20240380,Deepika Sharma,74.1,2.2,62.9,62.3,55.9,59.2,Moderate / Average,Medium Risk,"Focus on weaker topics, improve internal marks, and add 1-2 study hours daily."
STU20240381,Meera Deshmukh,76.3,7.3,76.5,88.8,71.7,77.4,High Distinction,Low Risk,Maintain current study consistency and active participation.
STU20240382,Harper Smith,91.7,4.2,74.7,64.5,56.6,68.3,Moderate / Average,Medium Risk,"Focus on weaker topics, improve internal marks, and add 1-2 study hours daily."
STU20240383,Alexander Clark,77.6,5.5,69.5,77.1,63.0,69.6,Moderate / Average,Medium Risk,"Focus on weaker topics, improve internal marks, and add 1-2 study hours daily."
STU20240384,Daniel Jackson,81.6,3.6,69.0,63.6,79.6,69.8,Moderate / Average,Medium Risk,"Focus on weaker topics, improve internal marks, and add 1-2 study hours daily."
STU20240385,Nikhil Lewis,89.1,4.7,80.0,85.5,61.2,74.9,Moderate / Average,Medium Risk,"Focus on weaker topics, improve internal marks, and add 1-2 study hours daily."
STU20240386,Abigail Williams,95.2,4.7,82.4,77.8,65.8,76.4,High Distinction,Low Risk,Maintain current study consistency and active participation.
STU20240387,Ethan Menon,76.3,0.5,50.2,60.3,42.9,51.1,Moderate / Average,Medium Risk,"Focus on weaker topics, improve internal marks, and add 1-2 study hours daily."
STU20240388,Liam Joshi,79.3,5.2,82.5,88.7,70.4,77.0,High Distinction,Low Risk,Maintain current study consistency and active participation.
STU20240389,Aarav Thomas,78.1,7.7,82.5,69.2,97.3,82.1,High Distinction,Low Risk,Maintain current study consistency and active participation.
STU20240390,Evelyn Iyer,70.4,5.2,82.1,71.7,66.9,70.9,Moderate / Average,Medium Risk,"Focus on weaker topics, improve internal marks, and add 1-2 study hours daily."
STU20240391,Emma Davis,67.2,2.5,74.2,60.2,59.7,61.5,Moderate / Average,Medium Risk,"Focus on weaker topics, improve internal marks, and add 1-2 study hours daily."
STU20240392,Ananya Chopra,46.2,5.4,46.3,65.8,52.4,52.5,Moderate / Average,Medium Risk,"Focus on weaker topics, improve internal marks, and add 1-2 study hours daily."
STU20240393,Ananya Das,62.9,6.1,61.1,86.5,67.7,68.2,Moderate / Average,Medium Risk,"Focus on weaker topics, improve internal marks, and add 1-2 study hours daily."
STU20240394,Rohan White,53.1,5.1,70.7,57.5,74.2,63.4,Moderate / Average,Medium Risk,"Focus on weaker topics, improve internal marks, and add 1-2 study hours daily."
STU20240395,Mason Rao,95.6,4.1,59.7,65.8,75.2,70.1,Moderate / Average,Medium Risk,"Focus on weaker topics, improve internal marks, and add 1-2 study hours daily."
STU20240396,Karan Mehta,80.6,3.8,83.6,62.8,88.9,75.6,High Distinction,Low Risk,Maintain current study consistency and active participation.
STU20240397,Aditya Davis,76.2,3.8,64.2,66.4,78.7,68.0,Moderate / Average,Medium Risk,"Focus on weaker topics, improve internal marks, and add 1-2 study hours daily."
STU20240398,Alexander Brown,68.0,5.5,75.6,70.2,67.4,68.9,Moderate / Average,Medium Risk,"Focus on weaker topics, improve internal marks, and add 1-2 study hours daily."
STU20240399,Neha Sharma,78.4,1.7,60.6,65.1,59.5,60.4,Moderate / Average,Medium Risk,"Focus on weaker topics, improve internal marks, and add 1-2 study hours daily."
STU20240400,Rajesh Williams,66.1,3.5,48.7,80.1,77.9,64.4,Moderate / Average,Medium Risk,"Focus on weaker topics, improve internal marks, and add 1-2 study hours daily."
STU20240401,Priya Sharma,80.4,7.1,90.4,92.9,78.8,84.1,High Distinction,Low Risk,Maintain current study consistency and active participation.
STU20240402,Abigail Bhat,81.4,7.1,100.0,90.4,91.9,89.4,High Distinction,Low Risk,Maintain current study consistency and active participation.
STU20240403,Olivia Menon,65.9,1.5,51.0,81.4,75.6,62.6,Moderate / Average,Medium Risk,"Focus on weaker topics, improve internal marks, and add 1-2 study hours daily."
STU20240404,Emma Chopra,65.7,2.2,55.1,67.9,55.6,56.6,Moderate / Average,Medium Risk,"Focus on weaker topics, improve internal marks, and add 1-2 study hours daily."
STU20240405,Vikram Mukherjee,91.5,3.7,46.9,84.0,74.6,69.2,Moderate / Average,Medium Risk,"Focus on weaker topics, improve internal marks, and add 1-2 study hours daily."
STU20240406,Jessica Menon,77.3,5.8,88.0,81.1,82.3,80.1,High Distinction,Low Risk,Maintain current study consistency and active participation.
STU20240407,Deepika Patel,67.1,0.9,63.8,63.5,61.9,58.4,Moderate / Average,Medium Risk,"Focus on weaker topics, improve internal marks, and add 1-2 study hours daily."
STU20240408,Nikhil Johnson,72.8,4.1,49.9,71.5,73.4,63.8,Moderate / Average,Medium Risk,"Focus on weaker topics, improve internal marks, and add 1-2 study hours daily."
STU20240409,Aarav Nair,63.9,3.3,40.5,59.0,46.9,49.7,Needs Attention,High Risk,Immediate remedial assistance recommended. Boost attendance and study hours.
STU20240410,Sophia Perez,77.1,6.6,57.5,64.6,66.3,65.9,Moderate / Average,Medium Risk,"Focus on weaker topics, improve internal marks, and add 1-2 study hours daily."
STU20240411,Nikhil Davis,89.6,1.2,71.1,65.9,58.0,64.6,Moderate / Average,Medium Risk,"Focus on weaker topics, improve internal marks, and add 1-2 study hours daily."
STU20240412,Evelyn White,77.6,4.4,77.6,75.6,80.5,74.6,Moderate / Average,Medium Risk,"Focus on weaker topics, improve internal marks, and add 1-2 study hours daily."
STU20240413,Arjun Rao,100.0,3.5,67.0,77.4,61.1,71.0,Moderate / Average,Medium Risk,"Focus on weaker topics, improve internal marks, and add 1-2 study hours daily."
STU20240414,Alexander Brown,83.9,6.8,85.3,69.3,93.0,82.0,High Distinction,Low Risk,Maintain current study consistency and active participation.
STU20240415,Aditi Smith,81.2,5.3,76.0,72.6,80.1,75.1,High Distinction,Low Risk,Maintain current study consistency and active participation.
STU20240416,Rajesh Mukherjee,65.3,3.1,57.4,60.6,71.7,60.6,Moderate / Average,Medium Risk,"Focus on weaker topics, improve internal marks, and add 1-2 study hours daily."
STU20240417,Charlotte Menon,74.7,5.7,82.8,72.1,61.9,71.2,Moderate / Average,Medium Risk,"Focus on weaker topics, improve internal marks, and add 1-2 study hours daily."
STU20240418,Charlotte Menon,67.1,3.5,51.0,68.7,62.7,59.1,Moderate / Average,Medium Risk,"Focus on weaker topics, improve internal marks, and add 1-2 study hours daily."
STU20240419,Meera Perez,47.7,6.0,74.8,69.5,65.7,64.6,Moderate / Average,Medium Risk,"Focus on weaker topics, improve internal marks, and add 1-2 study hours daily."
STU20240420,Arjun Lewis,91.6,3.8,66.5,69.8,74.0,71.2,Moderate / Average,Medium Risk,"Focus on weaker topics, improve internal marks, and add 1-2 study hours daily."
STU20240421,Rajesh Menon,70.8,6.1,90.7,81.0,74.0,77.6,High Distinction,Low Risk,Maintain current study consistency and active participation.
STU20240422,Kavita Das,67.4,5.0,57.9,78.3,63.8,64.6,Moderate / Average,Medium Risk,"Focus on weaker topics, improve internal marks, and add 1-2 study hours daily."
STU20240423,Ethan Harris,80.9,10.0,85.8,88.6,87.7,87.3,High Distinction,Low Risk,Maintain current study consistency and active participation.
STU20240424,Arjun Perez,85.2,4.1,72.8,78.6,80.5,75.2,High Distinction,Low Risk,Maintain current study consistency and active participation.
STU20240425,Manish Davis,73.5,4.9,70.6,79.0,56.8,67.3,Moderate / Average,Medium Risk,"Focus on weaker topics, improve internal marks, and add 1-2 study hours daily."
STU20240426,Ananya Walker,78.0,3.3,71.7,58.0,80.7,68.6,Moderate / Average,Medium Risk,"Focus on weaker topics, improve internal marks, and add 1-2 study hours daily."
STU20240427,Priya Mehta,88.4,4.2,60.9,83.6,81.4,74.2,Moderate / Average,Medium Risk,"Focus on weaker topics, improve internal marks, and add 1-2 study hours daily."
STU20240428,Sunita Davis,73.0,0.5,55.4,51.9,45.4,50.7,Moderate / Average,Medium Risk,"Focus on weaker topics, improve internal marks, and add 1-2 study hours daily."
STU20240429,Karan Davis,82.2,5.0,75.3,67.5,75.6,72.7,Moderate / Average,Medium Risk,"Focus on weaker topics, improve internal marks, and add 1-2 study hours daily."
STU20240430,Shreya Anderson,54.8,6.6,62.8,69.1,76.0,66.1,Moderate / Average,Medium Risk,"Focus on weaker topics, improve internal marks, and add 1-2 study hours daily."
STU20240431,Sarah Nair,60.6,4.9,69.0,46.0,51.6,56.4,Moderate / Average,Medium Risk,"Focus on weaker topics, improve internal marks, and add 1-2 study hours daily."
STU20240432,Mia Iyer,86.5,1.8,51.9,69.0,64.1,61.9,Moderate / Average,Medium Risk,"Focus on weaker topics, improve internal marks, and add 1-2 study hours daily."
STU20240433,Sanjay Verma,59.9,2.8,54.7,68.6,56.6,56.3,Moderate / Average,Medium Risk,"Focus on weaker topics, improve internal marks, and add 1-2 study hours daily."
STU20240434,Amit Smith,81.3,0.5,51.6,47.3,51.5,52.0,Moderate / Average,Medium Risk,"Focus on weaker topics, improve internal marks, and add 1-2 study hours daily."
STU20240435,Rajesh White,75.9,6.0,71.3,83.6,73.5,74.1,Moderate / Average,Medium Risk,"Focus on weaker topics, improve internal marks, and add 1-2 study hours daily."
STU20240436,Manish Miller,72.9,2.4,76.3,57.4,54.7,61.2,Moderate / Average,Medium Risk,"Focus on weaker topics, improve internal marks, and add 1-2 study hours daily."
STU20240437,Lucas Smith,66.4,4.1,79.3,67.3,77.3,70.0,Moderate / Average,Medium Risk,"Focus on weaker topics, improve internal marks, and add 1-2 study hours daily."
STU20240438,Deepika Miller,90.7,3.9,86.5,69.2,65.2,73.8,Moderate / Average,Medium Risk,"Focus on weaker topics, improve internal marks, and add 1-2 study hours daily."
STU20240439,Vikram Reddy,100.0,6.9,82.5,90.4,91.6,88.5,High Distinction,Low Risk,Maintain current study consistency and active participation.
STU20240440,Amelia Reddy,82.2,4.4,81.0,81.5,53.4,70.7,Moderate / Average,Medium Risk,"Focus on weaker topics, improve internal marks, and add 1-2 study hours daily."
STU20240441,Sunita Martin,82.5,5.7,77.4,81.4,72.4,75.9,High Distinction,Low Risk,Maintain current study consistency and active participation.
STU20240442,Rohan Deshmukh,68.4,5.2,69.5,69.0,67.7,67.0,Moderate / Average,Medium Risk,"Focus on weaker topics, improve internal marks, and add 1-2 study hours daily."
STU20240443,Rohan Lewis,61.3,6.6,69.9,65.5,67.3,66.3,Moderate / Average,Medium Risk,"Focus on weaker topics, improve internal marks, and add 1-2 study hours daily."
STU20240444,James Deshmukh,77.4,3.8,85.7,68.3,62.5,70.0,Moderate / Average,Medium Risk,"Focus on weaker topics, improve internal marks, and add 1-2 study hours daily."
STU20240445,Ella Taylor,64.4,7.6,88.7,79.4,66.7,75.2,High Distinction,Low Risk,Maintain current study consistency and active participation.
STU20240446,Alexander Nair,53.2,0.6,55.6,57.9,56.0,50.7,Moderate / Average,Medium Risk,"Focus on weaker topics, improve internal marks, and add 1-2 study hours daily."
STU20240447,Meera Robinson,89.2,5.7,77.2,83.1,86.3,81.0,High Distinction,Low Risk,Maintain current study consistency and active participation.
STU20240448,Noah Jackson,89.9,2.6,69.7,59.1,66.4,66.4,Moderate / Average,Medium Risk,"Focus on weaker topics, improve internal marks, and add 1-2 study hours daily."
STU20240449,Alexander Iyer,66.0,3.3,67.3,63.1,50.0,58.4,Moderate / Average,Medium Risk,"Focus on weaker topics, improve internal marks, and add 1-2 study hours daily."
STU20240450,Aarav Nair,81.4,5.2,69.0,68.2,90.0,74.9,Moderate / Average,Medium Risk,"Focus on weaker topics, improve internal marks, and add 1-2 study hours daily."
STU20240451,Liam Johnson,92.0,5.2,87.8,83.9,67.0,79.1,High Distinction,Low Risk,Maintain current study consistency and active participation.
STU20240452,Jessica Menon,80.9,5.3,65.1,67.1,57.6,65.6,Moderate / Average,Medium Risk,"Focus on weaker topics, improve internal marks, and add 1-2 study hours daily."
STU20240453,Abigail Brown,61.3,1.7,58.9,61.6,34.4,49.6,Needs Attention,High Risk,Immediate remedial assistance recommended. Boost attendance and study hours.
STU20240454,Jessica Lewis,74.7,6.8,53.7,72.8,75.5,68.6,Moderate / Average,Medium Risk,"Focus on weaker topics, improve internal marks, and add 1-2 study hours daily."
STU20240455,Neha Clark,96.6,2.6,66.5,56.3,67.4,66.7,Moderate / Average,Medium Risk,"Focus on weaker topics, improve internal marks, and add 1-2 study hours daily."
STU20240456,Harsh Jackson,81.5,2.8,87.3,76.3,75.2,75.0,High Distinction,Low Risk,Maintain current study consistency and active participation.
STU20240457,Harper Perez,85.5,5.3,86.5,75.5,79.9,79.1,High Distinction,Low Risk,Maintain current study consistency and active participation.
STU20240458,Elijah Davis,82.8,3.7,85.3,82.2,71.0,75.8,High Distinction,Low Risk,Maintain current study consistency and active participation.
STU20240459,Jessica Kapoor,66.0,4.8,60.1,52.1,62.8,59.1,Moderate / Average,Medium Risk,"Focus on weaker topics, improve internal marks, and add 1-2 study hours daily."
STU20240460,Aarav Singh,69.3,0.5,55.4,55.0,64.9,55.4,Moderate / Average,Medium Risk,"Focus on weaker topics, improve internal marks, and add 1-2 study hours daily."
STU20240461,Abigail Joshi,82.7,4.7,85.9,71.2,89.7,79.4,High Distinction,Low Risk,Maintain current study consistency and active participation.
STU20240462,Kavita Jones,89.4,4.6,81.8,77.9,83.2,79.3,High Distinction,Low Risk,Maintain current study consistency and active participation.
STU20240463,Harper Jackson,93.4,3.3,78.0,61.8,66.0,70.3,Moderate / Average,Medium Risk,"Focus on weaker topics, improve internal marks, and add 1-2 study hours daily."
STU20240464,Divya Clark,66.0,0.5,69.3,61.2,60.4,58.4,Moderate / Average,Medium Risk,"Focus on weaker topics, improve internal marks, and add 1-2 study hours daily."
STU20240465,Emma White,84.1,3.8,60.4,88.7,64.8,69.7,Moderate / Average,Medium Risk,"Focus on weaker topics, improve internal marks, and add 1-2 study hours daily."
STU20240466,Divya Harris,94.6,4.1,74.1,80.5,62.4,73.2,Moderate / Average,Medium Risk,"Focus on weaker topics, improve internal marks, and add 1-2 study hours daily."
STU20240467,Aditi Clark,64.2,3.5,44.3,64.0,52.0,53.2,Moderate / Average,Medium Risk,"Focus on weaker topics, improve internal marks, and add 1-2 study hours daily."
STU20240468,Divya Gupta,98.8,0.9,56.4,57.4,61.7,61.7,Moderate / Average,Medium Risk,"Focus on weaker topics, improve internal marks, and add 1-2 study hours daily."
STU20240469,Rohan White,100.0,7.1,98.5,78.8,85.3,88.8,High Distinction,Low Risk,Maintain current study consistency and active participation.
STU20240470,Lucas Wilson,100.0,3.1,65.7,75.2,92.9,77.8,High Distinction,Low Risk,Maintain current study consistency and active participation.
STU20240471,Tanvi Das,81.2,3.8,77.0,65.6,59.0,67.2,Moderate / Average,Medium Risk,"Focus on weaker topics, improve internal marks, and add 1-2 study hours daily."
STU20240472,Benjamin Jones,81.3,0.5,75.7,71.4,71.2,67.8,Moderate / Average,Medium Risk,"Focus on weaker topics, improve internal marks, and add 1-2 study hours daily."
STU20240473,Daniel Rao,89.6,7.1,81.8,86.6,77.5,82.2,High Distinction,Low Risk,Maintain current study consistency and active participation.
STU20240474,Emma Mehta,89.2,3.4,76.8,96.6,49.3,72.1,Moderate / Average,Medium Risk,"Focus on weaker topics, improve internal marks, and add 1-2 study hours daily."
STU20240475,Oliver Davis,93.8,4.4,84.0,67.8,69.0,75.0,High Distinction,Low Risk,Maintain current study consistency and active participation.
STU20240476,Oliver Jackson,89.0,6.2,68.2,79.6,89.5,79.3,High Distinction,Low Risk,Maintain current study consistency and active participation.
STU20240477,Jessica Martin,76.5,3.0,59.0,54.1,67.2,60.7,Moderate / Average,Medium Risk,"Focus on weaker topics, improve internal marks, and add 1-2 study hours daily."
STU20240478,Varun Williams,95.1,5.9,71.9,60.9,83.0,75.8,High Distinction,Low Risk,Maintain current study consistency and active participation.
STU20240479,Ishita Martin,63.0,0.5,46.4,61.7,64.8,53.2,Moderate / Average,Medium Risk,"Focus on weaker topics, improve internal marks, and add 1-2 study hours daily."
STU20240480,Priya Mehta,78.1,5.2,80.0,77.1,60.6,71.4,Moderate / Average,Medium Risk,"Focus on weaker topics, improve internal marks, and add 1-2 study hours daily."
STU20240481,Rohan Wilson,99.9,7.0,81.4,77.8,73.4,81.2,High Distinction,Low Risk,Maintain current study consistency and active participation.
STU20240482,Harper Kapoor,60.5,3.2,59.1,61.8,36.1,51.5,Moderate / Average,Medium Risk,"Focus on weaker topics, improve internal marks, and add 1-2 study hours daily."
STU20240483,Harper Jackson,68.5,6.2,61.8,65.9,79.3,68.4,Moderate / Average,Medium Risk,"Focus on weaker topics, improve internal marks, and add 1-2 study hours daily."
STU20240484,Mia Singh,87.4,7.5,96.2,77.5,86.7,86.2,High Distinction,Low Risk,Maintain current study consistency and active participation.
STU20240485,Amelia Taylor,83.5,3.7,64.8,68.1,75.6,69.1,Moderate / Average,Medium Risk,"Focus on weaker topics, improve internal marks, and add 1-2 study hours daily."
STU20240486,Noah Rao,65.7,3.6,78.0,55.9,50.0,59.9,Moderate / Average,Medium Risk,"Focus on weaker topics, improve internal marks, and add 1-2 study hours daily."
STU20240487,Rahul Clark,72.2,2.6,62.8,57.5,45.0,55.5,Moderate / Average,Medium Risk,"Focus on weaker topics, improve internal marks, and add 1-2 study hours daily."
STU20240488,Mia Iyer,61.5,3.3,46.1,55.4,46.2,49.8,Needs Attention,High Risk,Immediate remedial assistance recommended. Boost attendance and study hours.
STU20240489,Mason Bose,91.7,2.7,68.6,75.4,59.0,68.0,Moderate / Average,Medium Risk,"Focus on weaker topics, improve internal marks, and add 1-2 study hours daily."
STU20240490,Sanjay Jackson,74.4,2.6,52.5,39.8,77.4,57.9,Moderate / Average,Medium Risk,"Focus on weaker topics, improve internal marks, and add 1-2 study hours daily."
STU20240491,Alexander Iyer,100.0,6.4,91.4,82.0,92.2,88.7,High Distinction,Low Risk,Maintain current study consistency and active participation.
STU20240492,Rahul Reddy,79.1,2.8,63.0,57.3,59.5,60.7,Moderate / Average,Medium Risk,"Focus on weaker topics, improve internal marks, and add 1-2 study hours daily."
STU20240493,Sophia Smith,74.9,4.7,71.6,60.7,71.3,67.5,Moderate / Average,Medium Risk,"Focus on weaker topics, improve internal marks, and add 1-2 study hours daily."
STU20240494,Sophia Chopra,73.6,4.3,64.5,64.0,59.9,62.9,Moderate / Average,Medium Risk,"Focus on weaker topics, improve internal marks, and add 1-2 study hours daily."
STU20240495,Sarah Kumar,74.6,6.9,71.4,75.5,78.5,74.4,Moderate / Average,Medium Risk,"Focus on weaker topics, improve internal marks, and add 1-2 study hours daily."
STU20240496,Manish Patel,79.6,3.3,57.7,66.6,54.4,60.6,Moderate / Average,Medium Risk,"Focus on weaker topics, improve internal marks, and add 1-2 study hours daily."
STU20240497,Rajesh Chopra,100.0,4.9,89.0,70.7,85.2,82.6,High Distinction,Low Risk,Maintain current study consistency and active participation.
STU20240498,Amelia Rao,73.3,5.6,70.5,78.3,62.0,69.0,Moderate / Average,Medium Risk,"Focus on weaker topics, improve internal marks, and add 1-2 study hours daily."
STU20240499,Ava Harris,73.7,6.9,73.4,67.1,82.6,74.1,Moderate / Average,Medium Risk,"Focus on weaker topics, improve internal marks, and add 1-2 study hours daily."
STU20240500,Lucas Iyer,78.9,3.3,65.1,61.6,61.2,63.0,Moderate / Average,Medium Risk,"Focus on weaker topics, improve internal marks, and add 1-2 study hours daily."
STU20240501,Aditi Anderson,93.3,3.1,65.5,75.8,62.1,68.8,Moderate / Average,Medium Risk,"Focus on weaker topics, improve internal marks, and add 1-2 study hours daily."
STU20240502,Emma Smith,58.1,2.3,52.5,60.7,71.4,57.0,Moderate / Average,Medium Risk,"Focus on weaker topics, improve internal marks, and add 1-2 study hours daily."
STU20240503,Priya Jones,84.4,8.2,87.1,77.1,83.9,83.3,High Distinction,Low Risk,Maintain current study consistency and active participation.
STU20240504,Rahul Perez,66.6,6.7,62.7,45.6,68.2,61.9,Moderate / Average,Medium Risk,"Focus on weaker topics, improve internal marks, and add 1-2 study hours daily."
STU20240505,Sunita Das,85.7,4.1,63.5,64.8,77.9,69.6,Moderate / Average,Medium Risk,"Focus on weaker topics, improve internal marks, and add 1-2 study hours daily."
STU20240506,Rajesh Verma,71.1,7.7,91.9,77.7,62.6,76.1,High Distinction,Low Risk,Maintain current study consistency and active participation.
STU20240507,Arjun Smith,45.7,4.0,52.5,63.6,67.1,55.8,Moderate / Average,Medium Risk,"Focus on weaker topics, improve internal marks, and add 1-2 study hours daily."
STU20240508,Vikram Clark,83.2,5.5,70.4,74.7,72.2,72.7,Moderate / Average,Medium Risk,"Focus on weaker topics, improve internal marks, and add 1-2 study hours daily."
STU20240509,Rajesh Nair,83.1,4.2,58.2,67.8,75.7,67.9,Moderate / Average,Medium Risk,"Focus on weaker topics, improve internal marks, and add 1-2 study hours daily."
STU20240510,Rahul Clark,69.9,4.9,77.1,89.5,51.7,69.0,Moderate / Average,Medium Risk,"Focus on weaker topics, improve internal marks, and add 1-2 study hours daily."
STU20240511,Deepika Reddy,69.1,4.7,57.1,64.7,62.5,61.4,Moderate / Average,Medium Risk,"Focus on weaker topics, improve internal marks, and add 1-2 study hours daily."
STU20240512,Aditya Anderson,59.6,3.4,59.6,66.7,59.1,58.3,Moderate / Average,Medium Risk,"Focus on weaker topics, improve internal marks, and add 1-2 study hours daily."
STU20240513,Ethan Anderson,88.8,6.2,63.3,67.2,88.0,75.2,High Distinction,Low Risk,Maintain current study consistency and active participation.
STU20240514,Abigail Johnson,90.4,5.5,86.9,68.3,82.9,79.7,High Distinction,Low Risk,Maintain current study consistency and active participation.
STU20240515,Harper Sharma,65.7,6.0,82.2,75.8,65.1,71.1,Moderate / Average,Medium Risk,"Focus on weaker topics, improve internal marks, and add 1-2 study hours daily."
STU20240516,Jessica Brown,70.4,4.8,73.4,78.2,70.2,70.4,Moderate / Average,Medium Risk,"Focus on weaker topics, improve internal marks, and add 1-2 study hours daily."
STU20240517,Charlotte Rao,77.1,2.6,48.8,62.3,75.4,61.5,Moderate / Average,Medium Risk,"Focus on weaker topics, improve internal marks, and add 1-2 study hours daily."
STU20240518,Siddharth Kapoor,100.0,7.3,96.7,69.6,82.9,86.1,High Distinction,Low Risk,Maintain current study consistency and active participation.
STU20240519,Amit Patel,85.6,3.7,62.8,70.3,66.0,67.1,Moderate / Average,Medium Risk,"Focus on weaker topics, improve internal marks, and add 1-2 study hours daily."
STU20240520,Ethan Iyer,64.8,4.9,54.9,68.6,46.5,56.9,Moderate / Average,Medium Risk,"Focus on weaker topics, improve internal marks, and add 1-2 study hours daily."
STU20240521,Ella Mehta,82.3,5.3,71.0,75.4,69.9,72.1,Moderate / Average,Medium Risk,"Focus on weaker topics, improve internal marks, and add 1-2 study hours daily."
STU20240522,Ananya White,58.7,4.8,59.8,59.2,45.5,54.7,Moderate / Average,Medium Risk,"Focus on weaker topics, improve internal marks, and add 1-2 study hours daily."
STU20240523,Karan Verma,88.1,5.8,73.7,76.6,75.1,75.9,High Distinction,Low Risk,Maintain current study consistency and active participation.
STU20240524,Amit Bhat,100.0,6.1,97.3,76.5,91.2,88.5,High Distinction,Low Risk,Maintain current study consistency and active participation.
STU20240525,Aditi Anderson,100.0,3.8,97.3,67.5,53.2,74.9,Moderate / Average,Medium Risk,"Focus on weaker topics, improve internal marks, and add 1-2 study hours daily."
STU20240526,Aarav Rao,88.3,7.1,69.3,88.1,92.5,82.8,High Distinction,Low Risk,Maintain current study consistency and active participation.
STU20240527,Neha Davis,69.8,3.7,57.9,66.7,60.2,60.5,Moderate / Average,Medium Risk,"Focus on weaker topics, improve internal marks, and add 1-2 study hours daily."
STU20240528,Neha Smith,59.8,4.8,65.7,63.4,63.1,61.6,Moderate / Average,Medium Risk,"Focus on weaker topics, improve internal marks, and add 1-2 study hours daily."
STU20240529,Arjun Harris,58.4,3.5,55.7,56.4,53.9,53.9,Moderate / Average,Medium Risk,"Focus on weaker topics, improve internal marks, and add 1-2 study hours daily."
STU20240530,Charlotte Joshi,38.7,3.0,54.1,50.6,33.4,42.7,Needs Attention,High Risk,Immediate remedial assistance recommended. Boost attendance and study hours.
STU20240531,Sophia Chopra,87.7,6.1,88.8,80.0,69.2,79.1,High Distinction,Low Risk,Maintain current study consistency and active participation.
STU20240532,Abigail Nair,76.6,9.8,94.5,99.2,100.0,93.6,High Distinction,Low Risk,Maintain current study consistency and active participation.
STU20240533,Shreya Brown,90.7,3.5,78.6,79.1,59.3,71.9,Moderate / Average,Medium Risk,"Focus on weaker topics, improve internal marks, and add 1-2 study hours daily."
STU20240534,Sanjay Smith,98.0,6.4,100.0,77.2,65.6,82.8,High Distinction,Low Risk,Maintain current study consistency and active participation.
STU20240535,Neha Menon,79.4,3.6,52.4,63.3,68.0,62.2,Moderate / Average,Medium Risk,"Focus on weaker topics, improve internal marks, and add 1-2 study hours daily."
STU20240536,Pooja Joshi,80.0,4.2,85.2,63.6,67.7,71.1,Moderate / Average,Medium Risk,"Focus on weaker topics, improve internal marks, and add 1-2 study hours daily."
STU20240537,Benjamin Sharma,71.5,7.4,73.2,73.9,72.0,72.8,Moderate / Average,Medium Risk,"Focus on weaker topics, improve internal marks, and add 1-2 study hours daily."
STU20240538,Amelia Jackson,73.2,2.3,69.5,56.3,60.7,60.8,Moderate / Average,Medium Risk,"Focus on weaker topics, improve internal marks, and add 1-2 study hours daily."
STU20240539,Shreya Walker,88.2,1.8,55.7,72.3,70.7,65.5,Moderate / Average,Medium Risk,"Focus on weaker topics, improve internal marks, and add 1-2 study hours daily."
STU20240540,Vikram Smith,75.6,4.0,59.0,44.9,60.6,58.0,Moderate / Average,Medium Risk,"Focus on weaker topics, improve internal marks, and add 1-2 study hours daily."
STU20240541,Liam Rao,73.5,5.4,78.3,76.2,71.9,72.9,Moderate / Average,Medium Risk,"Focus on weaker topics, improve internal marks, and add 1-2 study hours daily."
STU20240542,Divya Perez,77.7,5.0,52.8,74.5,80.4,68.7,Moderate / Average,Medium Risk,"Focus on weaker topics, improve internal marks, and add 1-2 study hours daily."
STU20240543,Benjamin Thomas,90.4,4.8,86.4,87.7,64.1,78.0,High Distinction,Low Risk,Maintain current study consistency and active participation.
STU20240544,Mason Nair,68.3,4.3,78.7,74.6,41.6,63.0,Moderate / Average,Medium Risk,"Focus on weaker topics, improve internal marks, and add 1-2 study hours daily."
STU20240545,Aditya Brown,77.1,5.6,75.5,67.1,78.5,72.9,Moderate / Average,Medium Risk,"Focus on weaker topics, improve internal marks, and add 1-2 study hours daily."
STU20240546,Jessica Reddy,81.4,0.5,60.6,69.1,83.0,66.5,Moderate / Average,Medium Risk,"Focus on weaker topics, improve internal marks, and add 1-2 study hours daily."
STU20240547,Daniel Martin,94.2,2.8,63.3,71.3,69.3,69.0,Moderate / Average,Medium Risk,"Focus on weaker topics, improve internal marks, and add 1-2 study hours daily."
STU20240548,Meera Bhat,74.6,4.0,74.4,50.9,68.1,64.7,Moderate / Average,Medium Risk,"Focus on weaker topics, improve internal marks, and add 1-2 study hours daily."
STU20240549,Vikram Mukherjee,68.0,5.5,73.3,71.0,65.3,68.0,Moderate / Average,Medium Risk,"Focus on weaker topics, improve internal marks, and add 1-2 study hours daily."
STU20240550,Amelia Brown,71.2,6.9,66.3,68.7,89.5,73.8,Moderate / Average,Medium Risk,"Focus on weaker topics, improve internal marks, and add 1-2 study hours daily."
STU20240551,Olivia Das,92.7,2.6,66.5,71.7,67.5,69.0,Moderate / Average,Medium Risk,"Focus on weaker topics, improve internal marks, and add 1-2 study hours daily."
STU20240552,Ethan White,100.0,6.8,85.2,99.9,81.5,88.5,High Distinction,Low Risk,Maintain current study consistency and active participation.
STU20240553,Arjun Bose,59.6,3.4,55.8,63.2,68.2,59.0,Moderate / Average,Medium Risk,"Focus on weaker topics, improve internal marks, and add 1-2 study hours daily."
STU20240554,Daniel Davis,62.7,4.0,49.3,54.7,57.1,54.1,Moderate / Average,Medium Risk,"Focus on weaker topics, improve internal marks, and add 1-2 study hours daily."
STU20240555,Ethan Verma,75.6,5.2,78.9,80.4,57.2,70.4,Moderate / Average,Medium Risk,"Focus on weaker topics, improve internal marks, and add 1-2 study hours daily."
STU20240556,Divya Bhat,79.6,3.8,66.6,73.0,76.1,70.0,Moderate / Average,Medium Risk,"Focus on weaker topics, improve internal marks, and add 1-2 study hours daily."
STU20240557,Amelia Mukherjee,89.0,6.2,80.6,69.1,71.8,75.9,High Distinction,Low Risk,Maintain current study consistency and active participation.
STU20240558,Rajesh Iyer,65.5,3.5,56.6,49.2,51.7,53.5,Moderate / Average,Medium Risk,"Focus on weaker topics, improve internal marks, and add 1-2 study hours daily."
STU20240559,Rahul Patel,63.1,3.5,66.2,53.9,81.6,63.8,Moderate / Average,Medium Risk,"Focus on weaker topics, improve internal marks, and add 1-2 study hours daily."
STU20240560,Sneha Singh,79.9,6.1,78.5,83.1,72.5,76.4,High Distinction,Low Risk,Maintain current study consistency and active participation.
STU20240561,Noah Jones,74.4,2.8,75.8,62.6,67.4,66.0,Moderate / Average,Medium Risk,"Focus on weaker topics, improve internal marks, and add 1-2 study hours daily."
STU20240562,Harper Walker,91.0,4.6,80.9,76.8,73.9,76.9,High Distinction,Low Risk,Maintain current study consistency and active participation.
STU20240563,Ethan Perez,84.8,1.2,60.7,53.2,52.4,57.1,Moderate / Average,Medium Risk,"Focus on weaker topics, improve internal marks, and add 1-2 study hours daily."
STU20240564,Oliver Lewis,85.8,7.5,75.9,89.1,87.4,83.3,High Distinction,Low Risk,Maintain current study consistency and active participation.
STU20240565,Ava Walker,76.5,6.4,84.7,56.9,77.1,73.5,Moderate / Average,Medium Risk,"Focus on weaker topics, improve internal marks, and add 1-2 study hours daily."
STU20240566,Charlotte Bose,100.0,9.2,91.6,85.1,84.0,90.1,High Distinction,Low Risk,Maintain current study consistency and active participation.
STU20240567,Mason Lewis,66.3,6.6,70.9,75.5,75.3,71.5,Moderate / Average,Medium Risk,"Focus on weaker topics, improve internal marks, and add 1-2 study hours daily."
STU20240568,Manish Bose,86.6,2.2,65.0,58.3,59.8,62.4,Moderate / Average,Medium Risk,"Focus on weaker topics, improve internal marks, and add 1-2 study hours daily."
STU20240569,Priya Jackson,60.2,5.4,62.3,71.9,54.2,60.9,Moderate / Average,Medium Risk,"Focus on weaker topics, improve internal marks, and add 1-2 study hours daily."
STU20240570,Aditi Mehta,63.0,2.5,56.7,52.4,45.5,51.1,Moderate / Average,Medium Risk,"Focus on weaker topics, improve internal marks, and add 1-2 study hours daily."
STU20240571,Ananya Mehta,69.5,7.0,94.5,62.9,76.0,76.1,High Distinction,Low Risk,Maintain current study consistency and active participation.
STU20240572,Ethan Das,100.0,2.2,61.6,85.1,65.8,71.1,Moderate / Average,Medium Risk,"Focus on weaker topics, improve internal marks, and add 1-2 study hours daily."
STU20240573,Amit Chopra,81.7,2.1,56.3,67.7,77.9,65.5,Moderate / Average,Medium Risk,"Focus on weaker topics, improve internal marks, and add 1-2 study hours daily."
STU20240574,Harper Kapoor,69.7,1.3,70.9,64.4,55.9,59.8,Moderate / Average,Medium Risk,"Focus on weaker topics, improve internal marks, and add 1-2 study hours daily."
STU20240575,Henry Harris,83.2,3.3,65.1,79.0,59.2,66.8,Moderate / Average,Medium Risk,"Focus on weaker topics, improve internal marks, and add 1-2 study hours daily."
STU20240576,Kavita Jones,78.5,3.0,61.5,43.8,66.1,59.4,Moderate / Average,Medium Risk,"Focus on weaker topics, improve internal marks, and add 1-2 study hours daily."
STU20240577,James Singh,71.1,1.9,69.9,67.5,45.6,58.5,Moderate / Average,Medium Risk,"Focus on weaker topics, improve internal marks, and add 1-2 study hours daily."
STU20240578,Ananya Walker,58.4,7.8,59.1,64.8,71.0,65.0,Moderate / Average,Medium Risk,"Focus on weaker topics, improve internal marks, and add 1-2 study hours daily."
STU20240579,Harper Reddy,98.1,5.2,89.1,74.6,81.1,82.3,High Distinction,Low Risk,Maintain current study consistency and active participation.
STU20240580,Pooja Verma,80.9,4.9,73.5,76.9,73.0,73.1,Moderate / Average,Medium Risk,"Focus on weaker topics, improve internal marks, and add 1-2 study hours daily."
STU20240581,David Chopra,100.0,7.1,92.4,82.5,97.3,91.0,High Distinction,Low Risk,Maintain current study consistency and active participation.
STU20240582,Rajesh Kapoor,91.2,4.7,81.0,81.8,100.0,84.6,High Distinction,Low Risk,Maintain current study consistency and active participation.
STU20240583,Ava Clark,85.7,2.9,62.3,69.4,73.4,67.8,Moderate / Average,Medium Risk,"Focus on weaker topics, improve internal marks, and add 1-2 study hours daily."
STU20240584,Elijah Lewis,71.9,1.1,67.8,61.6,68.3,61.8,Moderate / Average,Medium Risk,"Focus on weaker topics, improve internal marks, and add 1-2 study hours daily."
STU20240585,Ananya Anderson,62.7,2.8,53.5,56.4,83.8,60.9,Moderate / Average,Medium Risk,"Focus on weaker topics, improve internal marks, and add 1-2 study hours daily."
STU20240586,Siddharth Mehta,75.0,6.9,81.2,66.2,64.9,71.7,Moderate / Average,Medium Risk,"Focus on weaker topics, improve internal marks, and add 1-2 study hours daily."
STU20240587,Amelia Das,62.3,1.9,68.4,51.8,56.8,56.0,Moderate / Average,Medium Risk,"Focus on weaker topics, improve internal marks, and add 1-2 study hours daily."
STU20240588,Rahul Singh,87.1,4.8,89.0,74.2,68.1,76.3,High Distinction,Low Risk,Maintain current study consistency and active participation.
STU20240589,Michael Clark,100.0,6.1,81.8,99.8,89.7,88.9,High Distinction,Low Risk,Maintain current study consistency and active participation.
STU20240590,Lucas Johnson,74.3,4.7,74.4,83.2,70.8,72.5,Moderate / Average,Medium Risk,"Focus on weaker topics, improve internal marks, and add 1-2 study hours daily."
STU20240591,Jessica Williams,91.2,4.9,73.6,71.0,66.4,72.3,Moderate / Average,Medium Risk,"Focus on weaker topics, improve internal marks, and add 1-2 study hours daily."
STU20240592,Amelia Wilson,68.4,5.4,94.7,70.0,68.2,73.8,Moderate / Average,Medium Risk,"Focus on weaker topics, improve internal marks, and add 1-2 study hours daily."
STU20240593,Daniel Bose,73.8,4.9,78.0,67.7,79.0,72.4,Moderate / Average,Medium Risk,"Focus on weaker topics, improve internal marks, and add 1-2 study hours daily."
STU20240594,Harper Bhat,66.6,7.1,75.2,74.2,59.6,69.0,Moderate / Average,Medium Risk,"Focus on weaker topics, improve internal marks, and add 1-2 study hours daily."
STU20240595,Shreya Johnson,48.1,2.3,54.7,56.4,43.8,47.8,Needs Attention,High Risk,Immediate remedial assistance recommended. Boost attendance and study hours.
STU20240596,William Kapoor,77.5,4.6,74.8,75.7,59.5,68.8,Moderate / Average,Medium Risk,"Focus on weaker topics, improve internal marks, and add 1-2 study hours daily."
STU20240597,Evelyn Reddy,79.8,0.9,64.2,36.5,61.9,55.7,Moderate / Average,Medium Risk,"Focus on weaker topics, improve internal marks, and add 1-2 study hours daily."
STU20240598,Ananya Rao,92.9,0.5,61.4,69.9,74.4,67.0,Moderate / Average,Medium Risk,"Focus on weaker topics, improve internal marks, and add 1-2 study hours daily."
STU20240599,Vikram Robinson,89.1,4.1,69.8,70.5,51.4,66.3,Moderate / Average,Medium Risk,"Focus on weaker topics, improve internal marks, and add 1-2 study hours daily."
STU20240600,Lucas Kumar,89.3,5.2,75.8,70.6,75.8,75.1,High Distinction,Low Risk,Maintain current study consistency and active participation.
STU20240601,Deepika Walker,64.4,7.1,62.1,79.4,62.6,67.0,Moderate / Average,Medium Risk,"Focus on weaker topics, improve internal marks, and add 1-2 study hours daily."
STU20240602,Divya Bhat,84.4,8.6,93.5,96.8,93.4,91.6,High Distinction,Low Risk,Maintain current study consistency and active participation.
STU20240603,Liam Jackson,100.0,6.6,78.1,90.7,80.4,84.4,High Distinction,Low Risk,Maintain current study consistency and active participation.
STU20240604,Siddharth White,83.3,5.5,65.3,70.7,75.0,71.4,Moderate / Average,Medium Risk,"Focus on weaker topics, improve internal marks, and add 1-2 study hours daily."
STU20240605,Aarav Rao,100.0,4.5,79.3,69.6,76.5,77.4,High Distinction,Low Risk,Maintain current study consistency and active participation.
STU20240606,Alexander Clark,100.0,1.4,68.2,44.4,78.4,66.9,Moderate / Average,Medium Risk,"Focus on weaker topics, improve internal marks, and add 1-2 study hours daily."
STU20240607,Lucas Kapoor,74.2,3.9,69.7,69.6,86.2,71.6,Moderate / Average,Medium Risk,"Focus on weaker topics, improve internal marks, and add 1-2 study hours daily."
STU20240608,Deepika White,68.2,6.5,67.4,77.4,60.0,67.5,Moderate / Average,Medium Risk,"Focus on weaker topics, improve internal marks, and add 1-2 study hours daily."
STU20240609,Harsh Sharma,67.3,5.8,66.6,69.2,59.4,64.6,Moderate / Average,Medium Risk,"Focus on weaker topics, improve internal marks, and add 1-2 study hours daily."
STU20240610,Deepika Bhat,56.8,1.9,60.7,64.7,56.8,55.6,Moderate / Average,Medium Risk,"Focus on weaker topics, improve internal marks, and add 1-2 study hours daily."
STU20240611,Arjun Thomas,70.7,5.3,76.6,58.2,60.5,65.4,Moderate / Average,Medium Risk,"Focus on weaker topics, improve internal marks, and add 1-2 study hours daily."
STU20240612,Harper Kumar,94.9,5.2,85.5,77.5,86.2,82.6,High Distinction,Low Risk,Maintain current study consistency and active participation.
STU20240613,Sanjay Kumar,47.1,4.8,59.5,57.6,69.8,58.1,Moderate / Average,Medium Risk,"Focus on weaker topics, improve internal marks, and add 1-2 study hours daily."
STU20240614,Karan Clark,63.5,4.1,65.2,63.4,57.1,60.1,Moderate / Average,Medium Risk,"Focus on weaker topics, improve internal marks, and add 1-2 study hours daily."
STU20240615,Liam Joshi,76.2,5.4,75.1,83.0,63.2,71.8,Moderate / Average,Medium Risk,"Focus on weaker topics, improve internal marks, and add 1-2 study hours daily."
STU20240616,Kavita Martin,65.7,5.5,62.3,67.8,64.7,64.0,Moderate / Average,Medium Risk,"Focus on weaker topics, improve internal marks, and add 1-2 study hours daily."
STU20240617,Jessica Smith,70.6,3.0,77.6,61.7,62.8,64.6,Moderate / Average,Medium Risk,"Focus on weaker topics, improve internal marks, and add 1-2 study hours daily."
STU20240618,Charlotte Verma,70.8,5.0,82.6,61.0,70.9,69.7,Moderate / Average,Medium Risk,"Focus on weaker topics, improve internal marks, and add 1-2 study hours daily."
STU20240619,Sneha Wilson,74.4,3.9,75.2,80.0,43.2,64.4,Moderate / Average,Medium Risk,"Focus on weaker topics, improve internal marks, and add 1-2 study hours daily."
STU20240620,David Menon,67.8,1.5,52.7,46.6,46.6,49.2,Needs Attention,High Risk,Immediate remedial assistance recommended. Boost attendance and study hours.
STU20240621,David Davis,66.6,3.2,67.3,58.3,56.9,59.2,Moderate / Average,Medium Risk,"Focus on weaker topics, improve internal marks, and add 1-2 study hours daily."
STU20240622,Elijah Harris,91.1,1.4,75.7,83.4,56.1,69.3,Moderate / Average,Medium Risk,"Focus on weaker topics, improve internal marks, and add 1-2 study hours daily."
STU20240623,Daniel Gupta,92.7,6.0,69.0,84.4,49.8,71.1,Moderate / Average,Medium Risk,"Focus on weaker topics, improve internal marks, and add 1-2 study hours daily."
STU20240624,Kavita Iyer,58.7,4.8,80.8,64.1,44.1,60.6,Moderate / Average,Medium Risk,"Focus on weaker topics, improve internal marks, and add 1-2 study hours daily."
STU20240625,Sanjay Harris,39.4,3.6,34.9,54.2,39.5,40.9,Needs Attention,High Risk,Immediate remedial assistance recommended. Boost attendance and study hours.
STU20240626,Ethan Walker,92.9,6.8,91.0,73.8,79.8,82.8,High Distinction,Low Risk,Maintain current study consistency and active participation.
STU20240627,Elijah Jackson,60.8,4.3,77.6,63.2,57.8,63.0,Moderate / Average,Medium Risk,"Focus on weaker topics, improve internal marks, and add 1-2 study hours daily."
STU20240628,Jessica Robinson,81.0,1.6,61.4,61.6,54.8,59.2,Moderate / Average,Medium Risk,"Focus on weaker topics, improve internal marks, and add 1-2 study hours daily."
STU20240629,Ella Thomas,56.1,3.4,56.8,61.4,65.8,57.6,Moderate / Average,Medium Risk,"Focus on weaker topics, improve internal marks, and add 1-2 study hours daily."
STU20240630,Abigail Gupta,96.2,7.1,92.9,70.7,90.9,86.4,High Distinction,Low Risk,Maintain current study consistency and active participation.
STU20240631,Varun Anderson,100.0,3.0,93.1,79.1,73.5,80.5,High Distinction,Low Risk,Maintain current study consistency and active participation.
STU20240632,Liam Anderson,80.6,4.7,69.5,81.5,71.5,72.4,Moderate / Average,Medium Risk,"Focus on weaker topics, improve internal marks, and add 1-2 study hours daily."
STU20240633,Deepika Jackson,76.7,5.5,65.5,71.1,62.8,67.1,Moderate / Average,Medium Risk,"Focus on weaker topics, improve internal marks, and add 1-2 study hours daily."
STU20240634,Emma Bhat,73.5,5.3,67.1,77.0,62.3,67.8,Moderate / Average,Medium Risk,"Focus on weaker topics, improve internal marks, and add 1-2 study hours daily."
STU20240635,Abigail Gupta,88.9,8.6,72.6,88.1,67.8,79.1,High Distinction,Low Risk,Maintain current study consistency and active participation.
STU20240636,Aarav Deshmukh,85.9,2.1,75.1,62.4,61.9,66.0,Moderate / Average,Medium Risk,"Focus on weaker topics, improve internal marks, and add 1-2 study hours daily."
STU20240637,Amit Perez,92.0,2.3,64.0,61.2,75.0,67.7,Moderate / Average,Medium Risk,"Focus on weaker topics, improve internal marks, and add 1-2 study hours daily."
STU20240638,Michael Taylor,69.2,2.1,57.3,53.3,72.1,59.0,Moderate / Average,Medium Risk,"Focus on weaker topics, improve internal marks, and add 1-2 study hours daily."
STU20240639,Olivia Perez,82.8,3.7,79.1,73.4,65.6,71.1,Moderate / Average,Medium Risk,"Focus on weaker topics, improve internal marks, and add 1-2 study hours daily."
STU20240640,James Walker,70.4,6.2,69.2,71.7,76.2,71.0,Moderate / Average,Medium Risk,"Focus on weaker topics, improve internal marks, and add 1-2 study hours daily."
STU20240641,Sophia Miller,63.2,2.3,65.2,71.2,28.5,52.6,Moderate / Average,Medium Risk,"Focus on weaker topics, improve internal marks, and add 1-2 study hours daily."
STU20240642,Amelia Taylor,77.4,6.2,65.4,82.0,69.4,71.8,Moderate / Average,Medium Risk,"Focus on weaker topics, improve internal marks, and add 1-2 study hours daily."
STU20240643,Meera Sharma,65.1,4.3,74.4,72.6,59.1,65.2,Moderate / Average,Medium Risk,"Focus on weaker topics, improve internal marks, and add 1-2 study hours daily."
STU20240644,Divya Verma,94.4,2.2,73.2,73.7,82.6,74.8,Moderate / Average,Medium Risk,"Focus on weaker topics, improve internal marks, and add 1-2 study hours daily."
STU20240645,Deepika Robinson,65.9,1.0,53.7,48.9,58.0,51.9,Moderate / Average,Medium Risk,"Focus on weaker topics, improve internal marks, and add 1-2 study hours daily."
STU20240646,Abigail Perez,83.1,1.5,64.3,68.3,66.5,64.5,Moderate / Average,Medium Risk,"Focus on weaker topics, improve internal marks, and add 1-2 study hours daily."
STU20240647,Charlotte Reddy,69.6,3.0,49.6,64.5,65.8,58.7,Moderate / Average,Medium Risk,"Focus on weaker topics, improve internal marks, and add 1-2 study hours daily."
STU20240648,Aarav Singh,81.9,3.9,71.3,60.6,68.8,67.4,Moderate / Average,Medium Risk,"Focus on weaker topics, improve internal marks, and add 1-2 study hours daily."
STU20240649,James Mukherjee,70.7,6.6,73.0,84.3,87.9,77.8,High Distinction,Low Risk,Maintain current study consistency and active participation.
STU20240650,Rohan Deshmukh,60.4,5.6,54.5,76.9,42.9,57.4,Moderate / Average,Medium Risk,"Focus on weaker topics, improve internal marks, and add 1-2 study hours daily."
STU20240651,Karan Mehta,84.8,2.7,60.8,58.7,67.2,63.4,Moderate / Average,Medium Risk,"Focus on weaker topics, improve internal marks, and add 1-2 study hours daily."
STU20240652,Aditya Menon,74.7,4.9,69.3,64.9,80.1,70.2,Moderate / Average,Medium Risk,"Focus on weaker topics, improve internal marks, and add 1-2 study hours daily."
STU20240653,Shreya Bose,82.0,7.2,74.8,74.2,59.4,72.0,Moderate / Average,Medium Risk,"Focus on weaker topics, improve internal marks, and add 1-2 study hours daily."
STU20240654,Michael Robinson,72.0,7.6,54.0,81.8,84.4,73.0,Moderate / Average,Medium Risk,"Focus on weaker topics, improve internal marks, and add 1-2 study hours daily."
STU20240655,Olivia Gupta,59.4,3.6,71.0,66.0,52.0,59.4,Moderate / Average,Medium Risk,"Focus on weaker topics, improve internal marks, and add 1-2 study hours daily."
STU20240656,James Singh,93.2,5.9,79.7,80.6,79.4,80.4,High Distinction,Low Risk,Maintain current study consistency and active participation.
STU20240657,Aarav Patel,88.3,6.7,59.0,82.8,71.2,73.5,Moderate / Average,Medium Risk,"Focus on weaker topics, improve internal marks, and add 1-2 study hours daily."
STU20240658,Sarah White,70.1,1.5,79.2,48.8,66.6,61.7,Moderate / Average,Medium Risk,"Focus on weaker topics, improve internal marks, and add 1-2 study hours daily."
STU20240659,Nikhil Singh,79.0,3.3,79.6,71.7,62.7,69.0,Moderate / Average,Medium Risk,"Focus on weaker topics, improve internal marks, and add 1-2 study hours daily."
STU20240660,Deepika Rao,92.6,8.2,84.8,84.8,93.5,88.3,High Distinction,Low Risk,Maintain current study consistency and active participation.
STU20240661,Rohan Bose,71.6,3.7,57.1,60.3,68.5,61.5,Moderate / Average,Medium Risk,"Focus on weaker topics, improve internal marks, and add 1-2 study hours daily."
STU20240662,Emma Singh,73.8,0.5,60.2,45.5,47.4,51.3,Moderate / Average,Medium Risk,"Focus on weaker topics, improve internal marks, and add 1-2 study hours daily."
STU20240663,Mia Joshi,81.4,4.0,72.4,71.2,73.5,71.0,Moderate / Average,Medium Risk,"Focus on weaker topics, improve internal marks, and add 1-2 study hours daily."
STU20240664,Olivia Harris,71.6,6.2,78.9,75.9,65.0,71.7,Moderate / Average,Medium Risk,"Focus on weaker topics, improve internal marks, and add 1-2 study hours daily."
STU20240665,Divya Deshmukh,90.0,4.2,66.0,59.4,72.7,68.8,Moderate / Average,Medium Risk,"Focus on weaker topics, improve internal marks, and add 1-2 study hours daily."
STU20240666,Sunita Miller,75.6,5.5,83.8,72.6,67.9,73.1,Moderate / Average,Medium Risk,"Focus on weaker topics, improve internal marks, and add 1-2 study hours daily."
STU20240667,Priya Rao,67.0,5.9,65.9,71.3,78.1,69.6,Moderate / Average,Medium Risk,"Focus on weaker topics, improve internal marks, and add 1-2 study hours daily."
STU20240668,Deepika Thomas,86.5,3.6,77.9,66.9,74.5,72.4,Moderate / Average,Medium Risk,"Focus on weaker topics, improve internal marks, and add 1-2 study hours daily."
STU20240669,Divya Chopra,62.0,3.3,52.4,65.2,59.3,56.7,Moderate / Average,Medium Risk,"Focus on weaker topics, improve internal marks, and add 1-2 study hours daily."
STU20240670,Manish Wilson,100.0,4.5,100.0,78.1,69.6,82.5,High Distinction,Low Risk,Maintain current study consistency and active participation.
STU20240671,Sneha Mehta,100.0,4.5,86.4,81.8,63.8,78.4,High Distinction,Low Risk,Maintain current study consistency and active participation.
STU20240672,Sneha Bose,85.2,4.3,100.0,77.9,72.1,79.9,High Distinction,Low Risk,Maintain current study consistency and active participation.
STU20240673,Michael Thomas,84.0,4.4,81.0,77.7,64.3,73.1,Moderate / Average,Medium Risk,"Focus on weaker topics, improve internal marks, and add 1-2 study hours daily."
STU20240674,Aditya Taylor,83.4,2.9,62.0,78.1,47.1,62.5,Moderate / Average,Medium Risk,"Focus on weaker topics, improve internal marks, and add 1-2 study hours daily."
STU20240675,Ava Walker,71.2,5.6,79.7,74.1,56.4,68.7,Moderate / Average,Medium Risk,"Focus on weaker topics, improve internal marks, and add 1-2 study hours daily."
STU20240676,Shreya Wilson,82.2,5.3,83.8,70.2,88.9,79.0,High Distinction,Low Risk,Maintain current study consistency and active participation.
STU20240677,Aditi Sharma,65.1,1.8,60.5,53.4,49.6,53.0,Moderate / Average,Medium Risk,"Focus on weaker topics, improve internal marks, and add 1-2 study hours daily."
STU20240678,Harper Nair,85.1,3.5,76.5,61.5,79.1,71.7,Moderate / Average,Medium Risk,"Focus on weaker topics, improve internal marks, and add 1-2 study hours daily."
STU20240679,Ishita Smith,90.1,4.4,82.7,76.6,69.2,75.7,High Distinction,Low Risk,Maintain current study consistency and active participation.
STU20240680,Noah Verma,72.7,3.2,54.4,77.5,75.4,65.7,Moderate / Average,Medium Risk,"Focus on weaker topics, improve internal marks, and add 1-2 study hours daily."
STU20240681,Rohan White,69.7,5.3,59.2,66.5,80.0,67.3,Moderate / Average,Medium Risk,"Focus on weaker topics, improve internal marks, and add 1-2 study hours daily."
STU20240682,Manish Johnson,61.0,4.1,54.6,67.5,53.4,56.8,Moderate / Average,Medium Risk,"Focus on weaker topics, improve internal marks, and add 1-2 study hours daily."
STU20240683,Ishita Nair,98.4,4.5,80.0,71.9,56.1,72.6,Moderate / Average,Medium Risk,"Focus on weaker topics, improve internal marks, and add 1-2 study hours daily."
STU20240684,Mason Das,70.8,3.5,62.3,67.4,44.2,57.8,Moderate / Average,Medium Risk,"Focus on weaker topics, improve internal marks, and add 1-2 study hours daily."
STU20240685,Sophia Kumar,75.2,0.6,47.2,71.4,48.0,53.7,Moderate / Average,Medium Risk,"Focus on weaker topics, improve internal marks, and add 1-2 study hours daily."
STU20240686,Mia Joshi,82.2,0.5,67.2,68.7,77.2,66.8,Moderate / Average,Medium Risk,"Focus on weaker topics, improve internal marks, and add 1-2 study hours daily."
STU20240687,Kavita Jackson,82.0,5.3,77.6,60.3,68.5,70.3,Moderate / Average,Medium Risk,"Focus on weaker topics, improve internal marks, and add 1-2 study hours daily."
STU20240688,William Harris,88.5,4.7,77.1,80.5,74.5,76.4,High Distinction,Low Risk,Maintain current study consistency and active participation.
STU20240689,Varun Mehta,72.7,5.0,67.5,75.7,81.5,71.9,Moderate / Average,Medium Risk,"Focus on weaker topics, improve internal marks, and add 1-2 study hours daily."
STU20240690,Sophia White,62.1,4.4,60.1,66.2,64.0,61.1,Moderate / Average,Medium Risk,"Focus on weaker topics, improve internal marks, and add 1-2 study hours daily."
STU20240691,Olivia Davis,59.6,4.6,55.1,70.2,63.4,60.2,Moderate / Average,Medium Risk,"Focus on weaker topics, improve internal marks, and add 1-2 study hours daily."
STU20240692,Ella Davis,69.9,5.9,81.2,63.8,76.4,72.0,Moderate / Average,Medium Risk,"Focus on weaker topics, improve internal marks, and add 1-2 study hours daily."
STU20240693,Divya Kumar,64.7,5.0,59.8,67.7,68.5,63.6,Moderate / Average,Medium Risk,"Focus on weaker topics, improve internal marks, and add 1-2 study hours daily."
STU20240694,Amelia Verma,73.7,6.1,76.1,83.2,71.1,74.3,Moderate / Average,Medium Risk,"Focus on weaker topics, improve internal marks, and add 1-2 study hours daily."
STU20240695,Henry Martin,96.3,4.5,94.5,87.0,68.0,81.8,High Distinction,Low Risk,Maintain current study consistency and active participation.
STU20240696,Oliver Kumar,72.7,3.7,62.6,71.8,65.3,64.6,Moderate / Average,Medium Risk,"Focus on weaker topics, improve internal marks, and add 1-2 study hours daily."
STU20240697,Deepika Jackson,72.7,4.5,78.1,60.9,77.9,70.2,Moderate / Average,Medium Risk,"Focus on weaker topics, improve internal marks, and add 1-2 study hours daily."
STU20240698,Elijah Reddy,77.8,2.7,70.4,56.9,81.2,67.5,Moderate / Average,Medium Risk,"Focus on weaker topics, improve internal marks, and add 1-2 study hours daily."
STU20240699,Jessica Walker,72.3,3.5,68.2,67.3,66.7,65.1,Moderate / Average,Medium Risk,"Focus on weaker topics, improve internal marks, and add 1-2 study hours daily."
STU20240700,Henry Menon,77.1,4.5,74.5,72.2,76.0,72.0,Moderate / Average,Medium Risk,"Focus on weaker topics, improve internal marks, and add 1-2 study hours daily."
STU20240701,Michael Rao,85.6,4.5,72.7,72.9,74.2,72.9,Moderate / Average,Medium Risk,"Focus on weaker topics, improve internal marks, and add 1-2 study hours daily."
STU20240702,Siddharth Iyer,90.4,4.0,74.3,67.1,70.8,71.8,Moderate / Average,Medium Risk,"Focus on weaker topics, improve internal marks, and add 1-2 study hours daily."
STU20240703,Meera Thomas,92.0,1.7,61.8,73.1,70.4,67.8,Moderate / Average,Medium Risk,"Focus on weaker topics, improve internal marks, and add 1-2 study hours daily."
STU20240704,Noah Kapoor,100.0,5.3,82.4,82.2,90.8,85.0,High Distinction,Low Risk,Maintain current study consistency and active participation.
STU20240705,Liam Das,86.0,5.7,71.8,79.5,66.3,73.3,Moderate / Average,Medium Risk,"Focus on weaker topics, improve internal marks, and add 1-2 study hours daily."
STU20240706,Mia Davis,100.0,7.2,98.1,91.3,70.1,87.5,High Distinction,Low Risk,Maintain current study consistency and active participation.
STU20240707,Mason Martin,67.1,5.0,50.8,65.5,61.2,59.5,Moderate / Average,Medium Risk,"Focus on weaker topics, improve internal marks, and add 1-2 study hours daily."
STU20240708,Charlotte Johnson,100.0,4.2,83.3,74.1,77.7,79.3,High Distinction,Low Risk,Maintain current study consistency and active participation.
STU20240709,Michael Jackson,72.7,2.4,65.1,73.6,69.3,65.3,Moderate / Average,Medium Risk,"Focus on weaker topics, improve internal marks, and add 1-2 study hours daily."
STU20240710,Alexander Lewis,74.1,6.9,79.2,68.6,64.7,71.4,Moderate / Average,Medium Risk,"Focus on weaker topics, improve internal marks, and add 1-2 study hours daily."
STU20240711,Harsh Chopra,76.3,4.6,80.5,66.3,43.6,64.1,Moderate / Average,Medium Risk,"Focus on weaker topics, improve internal marks, and add 1-2 study hours daily."
STU20240712,Rahul Lewis,74.9,4.5,66.5,80.8,62.6,67.9,Moderate / Average,Medium Risk,"Focus on weaker topics, improve internal marks, and add 1-2 study hours daily."
STU20240713,Amelia Menon,79.2,3.7,71.1,64.4,64.9,66.4,Moderate / Average,Medium Risk,"Focus on weaker topics, improve internal marks, and add 1-2 study hours daily."
STU20240714,Pooja Gupta,69.9,3.6,47.3,64.7,51.6,55.2,Moderate / Average,Medium Risk,"Focus on weaker topics, improve internal marks, and add 1-2 study hours daily."
STU20240715,Karan Davis,89.6,5.4,74.0,73.8,68.0,73.6,Moderate / Average,Medium Risk,"Focus on weaker topics, improve internal marks, and add 1-2 study hours daily."
STU20240716,Jessica Thomas,70.3,2.4,69.4,46.7,68.5,60.3,Moderate / Average,Medium Risk,"Focus on weaker topics, improve internal marks, and add 1-2 study hours daily."
STU20240717,Emma Verma,87.2,7.1,69.2,79.8,80.6,77.9,High Distinction,Low Risk,Maintain current study consistency and active participation.
STU20240718,Shreya Sharma,99.4,6.7,87.8,75.4,86.3,85.2,High Distinction,Low Risk,Maintain current study consistency and active participation.
STU20240719,Rajesh Kapoor,73.0,3.6,58.9,69.0,60.8,61.9,Moderate / Average,Medium Risk,"Focus on weaker topics, improve internal marks, and add 1-2 study hours daily."
STU20240720,Rajesh Clark,89.1,2.6,67.9,80.3,59.4,68.3,Moderate / Average,Medium Risk,"Focus on weaker topics, improve internal marks, and add 1-2 study hours daily."
STU20240721,James Thomas,85.8,0.6,55.1,44.2,56.2,54.4,Moderate / Average,Medium Risk,"Focus on weaker topics, improve internal marks, and add 1-2 study hours daily."
STU20240722,Siddharth Bhat,100.0,1.9,58.6,69.1,73.7,68.8,Moderate / Average,Medium Risk,"Focus on weaker topics, improve internal marks, and add 1-2 study hours daily."
STU20240723,Siddharth Kapoor,70.9,5.5,74.8,74.8,54.4,66.9,Moderate / Average,Medium Risk,"Focus on weaker topics, improve internal marks, and add 1-2 study hours daily."
STU20240724,Abigail Mukherjee,89.1,4.8,75.5,56.2,90.1,75.3,High Distinction,Low Risk,Maintain current study consistency and active participation.
STU20240725,Amelia Joshi,55.2,5.1,69.5,75.8,68.4,65.8,Moderate / Average,Medium Risk,"Focus on weaker topics, improve internal marks, and add 1-2 study hours daily."
STU20240726,Deepika Menon,71.1,0.9,64.3,62.7,50.2,56.3,Moderate / Average,Medium Risk,"Focus on weaker topics, improve internal marks, and add 1-2 study hours daily."
STU20240727,Manish Harris,82.9,3.5,81.6,80.0,75.6,75.4,High Distinction,Low Risk,Maintain current study consistency and active participation.
STU20240728,Deepika Jackson,97.5,6.7,86.8,78.7,94.4,87.2,High Distinction,Low Risk,Maintain current study consistency and active participation.
STU20240729,Ananya Bose,60.8,4.0,74.8,59.1,58.0,61.2,Moderate / Average,Medium Risk,"Focus on weaker topics, improve internal marks, and add 1-2 study hours daily."
STU20240730,Tanvi Kapoor,89.0,1.9,56.9,67.1,62.7,63.0,Moderate / Average,Medium Risk,"Focus on weaker topics, improve internal marks, and add 1-2 study hours daily."
STU20240731,Harper Anderson,77.1,4.0,77.7,88.5,81.9,77.0,High Distinction,Low Risk,Maintain current study consistency and active participation.
STU20240732,Aditya Joshi,56.7,2.8,61.2,70.4,77.4,62.9,Moderate / Average,Medium Risk,"Focus on weaker topics, improve internal marks, and add 1-2 study hours daily."
STU20240733,Kavita Davis,80.5,4.8,74.9,73.8,70.9,72.1,Moderate / Average,Medium Risk,"Focus on weaker topics, improve internal marks, and add 1-2 study hours daily."
STU20240734,Nikhil Menon,100.0,4.2,82.9,80.8,64.0,77.1,High Distinction,Low Risk,Maintain current study consistency and active participation.
STU20240735,Neha Clark,62.3,5.2,57.0,72.4,60.7,61.6,Moderate / Average,Medium Risk,"Focus on weaker topics, improve internal marks, and add 1-2 study hours daily."
STU20240736,Aditi Kumar,76.5,2.0,50.0,85.6,71.1,64.7,Moderate / Average,Medium Risk,"Focus on weaker topics, improve internal marks, and add 1-2 study hours daily."
STU20240737,Neha Bhat,64.2,3.4,78.7,66.3,50.4,61.8,Moderate / Average,Medium Risk,"Focus on weaker topics, improve internal marks, and add 1-2 study hours daily."
STU20240738,Varun Sharma,71.4,6.2,71.7,73.0,69.5,70.4,Moderate / Average,Medium Risk,"Focus on weaker topics, improve internal marks, and add 1-2 study hours daily."
STU20240739,Daniel Bhat,98.1,1.8,68.2,68.7,70.7,69.9,Moderate / Average,Medium Risk,"Focus on weaker topics, improve internal marks, and add 1-2 study hours daily."
STU20240740,Noah Martin,74.2,2.4,51.3,66.3,51.9,56.3,Moderate / Average,Medium Risk,"Focus on weaker topics, improve internal marks, and add 1-2 study hours daily."
STU20240741,Oliver Joshi,97.6,4.6,63.9,73.3,86.9,76.5,High Distinction,Low Risk,Maintain current study consistency and active participation.
STU20240742,Rohan Rao,93.5,4.7,76.6,81.7,81.8,79.3,High Distinction,Low Risk,Maintain current study consistency and active participation.
STU20240743,William Perez,72.9,3.3,61.3,53.1,83.5,64.7,Moderate / Average,Medium Risk,"Focus on weaker topics, improve internal marks, and add 1-2 study hours daily."
STU20240744,Charlotte Menon,71.0,3.7,65.3,63.9,71.8,65.0,Moderate / Average,Medium Risk,"Focus on weaker topics, improve internal marks, and add 1-2 study hours daily."
STU20240745,Pooja Taylor,65.5,5.2,68.7,74.5,56.9,64.6,Moderate / Average,Medium Risk,"Focus on weaker topics, improve internal marks, and add 1-2 study hours daily."
STU20240746,Mason Davis,65.0,5.7,94.1,72.3,73.2,75.0,High Distinction,Low Risk,Maintain current study consistency and active participation.
STU20240747,Karan Johnson,82.9,2.3,62.1,63.1,73.8,65.5,Moderate / Average,Medium Risk,"Focus on weaker topics, improve internal marks, and add 1-2 study hours daily."
STU20240748,Rhea Harris,77.7,4.9,87.6,69.7,80.3,76.4,High Distinction,Low Risk,Maintain current study consistency and active participation.
STU20240749,Aditya Singh,69.3,6.9,91.2,82.9,65.2,76.4,High Distinction,Low Risk,Maintain current study consistency and active participation.
STU20240750,Lucas Thomas,56.3,4.0,67.9,50.5,50.7,55.0,Moderate / Average,Medium Risk,"Focus on weaker topics, improve internal marks, and add 1-2 study hours daily."
STU20240751,Varun White,79.5,2.3,61.8,55.1,51.3,57.5,Moderate / Average,Medium Risk,"Focus on weaker topics, improve internal marks, and add 1-2 study hours daily."
STU20240752,Mason Miller,71.4,2.2,47.0,54.3,75.6,58.0,Moderate / Average,Medium Risk,"Focus on weaker topics, improve internal marks, and add 1-2 study hours daily."
STU20240753,Rahul Singh,75.3,3.9,72.4,68.3,72.3,68.8,Moderate / Average,Medium Risk,"Focus on weaker topics, improve internal marks, and add 1-2 study hours daily."
STU20240754,Daniel Wilson,82.3,6.1,87.6,64.3,66.9,74.0,Moderate / Average,Medium Risk,"Focus on weaker topics, improve internal marks, and add 1-2 study hours daily."
STU20240755,Daniel Johnson,43.0,4.1,72.8,65.2,56.6,58.1,Moderate / Average,Medium Risk,"Focus on weaker topics, improve internal marks, and add 1-2 study hours daily."
STU20240756,Arjun Clark,56.5,4.5,52.5,54.4,60.0,54.8,Moderate / Average,Medium Risk,"Focus on weaker topics, improve internal marks, and add 1-2 study hours daily."
STU20240757,Liam Clark,100.0,2.4,70.2,76.0,60.5,70.3,Moderate / Average,Medium Risk,"Focus on weaker topics, improve internal marks, and add 1-2 study hours daily."
STU20240758,Harper Deshmukh,70.9,6.0,63.1,66.7,71.2,67.1,Moderate / Average,Medium Risk,"Focus on weaker topics, improve internal marks, and add 1-2 study hours daily."
STU20240759,Karan Miller,42.8,2.1,42.5,50.9,51.2,44.3,Needs Attention,High Risk,Immediate remedial assistance recommended. Boost attendance and study hours.
STU20240760,Sneha Davis,57.7,3.3,65.3,45.7,77.4,59.7,Moderate / Average,Medium Risk,"Focus on weaker topics, improve internal marks, and add 1-2 study hours daily."
STU20240761,Michael Clark,100.0,5.3,75.2,90.3,72.3,80.2,High Distinction,Low Risk,Maintain current study consistency and active participation.
STU20240762,Alexander Jackson,68.2,0.5,45.6,48.5,36.3,44.3,Needs Attention,High Risk,Immediate remedial assistance recommended. Boost attendance and study hours.
STU20240763,Tanvi Gupta,94.2,4.5,85.0,67.5,64.0,74.1,Moderate / Average,Medium Risk,"Focus on weaker topics, improve internal marks, and add 1-2 study hours daily."
STU20240764,Divya Jones,79.7,2.3,68.7,87.4,53.9,66.4,Moderate / Average,Medium Risk,"Focus on weaker topics, improve internal marks, and add 1-2 study hours daily."
STU20240765,Sanjay Gupta,71.2,4.2,70.4,72.5,61.3,65.9,Moderate / Average,Medium Risk,"Focus on weaker topics, improve internal marks, and add 1-2 study hours daily."
STU20240766,Neha Singh,88.9,3.6,65.6,81.4,59.4,68.9,Moderate / Average,Medium Risk,"Focus on weaker topics, improve internal marks, and add 1-2 study hours daily."
STU20240767,Ella White,44.6,8.0,81.4,71.1,75.8,70.4,Moderate / Average,Medium Risk,"Focus on weaker topics, improve internal marks, and add 1-2 study hours daily."
STU20240768,James Wilson,57.8,3.5,59.5,56.6,47.6,53.2,Moderate / Average,Medium Risk,"Focus on weaker topics, improve internal marks, and add 1-2 study hours daily."
STU20240769,Lucas Perez,71.1,7.5,100.0,64.0,75.6,78.4,High Distinction,Low Risk,Maintain current study consistency and active participation.
STU20240770,Kavita Mukherjee,59.2,5.3,67.3,63.1,84.6,67.7,Moderate / Average,Medium Risk,"Focus on weaker topics, improve internal marks, and add 1-2 study hours daily."
STU20240771,Benjamin Wilson,69.9,2.8,38.6,54.8,66.4,54.0,Moderate / Average,Medium Risk,"Focus on weaker topics, improve internal marks, and add 1-2 study hours daily."
STU20240772,Nikhil Mukherjee,90.0,4.8,52.6,67.9,78.4,69.1,Moderate / Average,Medium Risk,"Focus on weaker topics, improve internal marks, and add 1-2 study hours daily."
STU20240773,Varun Brown,79.8,3.7,75.0,55.3,85.6,70.9,Moderate / Average,Medium Risk,"Focus on weaker topics, improve internal marks, and add 1-2 study hours daily."
STU20240774,Lucas Harris,96.6,4.6,91.4,79.2,88.1,84.6,High Distinction,Low Risk,Maintain current study consistency and active participation.
STU20240775,Benjamin Menon,80.7,2.9,58.7,82.1,70.6,67.8,Moderate / Average,Medium Risk,"Focus on weaker topics, improve internal marks, and add 1-2 study hours daily."
STU20240776,Rohan Rao,91.9,7.2,100.0,87.9,78.7,87.8,High Distinction,Low Risk,Maintain current study consistency and active participation.
STU20240777,Elijah Bhat,77.1,5.9,91.3,73.1,72.5,76.9,High Distinction,Low Risk,Maintain current study consistency and active participation.
STU20240778,Jessica White,69.7,4.3,68.7,66.9,64.6,64.9,Moderate / Average,Medium Risk,"Focus on weaker topics, improve internal marks, and add 1-2 study hours daily."
STU20240779,William Mukherjee,98.7,7.3,93.2,58.3,80.4,82.1,High Distinction,Low Risk,Maintain current study consistency and active participation.
STU20240780,Arjun Reddy,68.1,4.3,74.9,62.8,66.9,65.9,Moderate / Average,Medium Risk,"Focus on weaker topics, improve internal marks, and add 1-2 study hours daily."
STU20240781,James Jackson,82.8,6.2,96.9,64.1,79.1,79.6,High Distinction,Low Risk,Maintain current study consistency and active participation.
STU20240782,Daniel Williams,88.8,4.3,81.1,75.7,59.5,72.4,Moderate / Average,Medium Risk,"Focus on weaker topics, improve internal marks, and add 1-2 study hours daily."
STU20240783,Meera Bose,89.8,4.9,78.5,74.0,90.5,79.9,High Distinction,Low Risk,Maintain current study consistency and active participation.
STU20240784,Rhea Verma,61.7,4.1,69.5,55.9,66.0,61.5,Moderate / Average,Medium Risk,"Focus on weaker topics, improve internal marks, and add 1-2 study hours daily."
STU20240785,Manish Joshi,92.7,4.4,81.5,77.2,71.0,76.5,High Distinction,Low Risk,Maintain current study consistency and active participation.
STU20240786,Noah Menon,64.3,4.5,74.4,66.6,66.2,65.8,Moderate / Average,Medium Risk,"Focus on weaker topics, improve internal marks, and add 1-2 study hours daily."
STU20240787,Sophia Williams,89.3,3.0,54.6,85.1,77.6,70.9,Moderate / Average,Medium Risk,"Focus on weaker topics, improve internal marks, and add 1-2 study hours daily."
STU20240788,Amit Wilson,85.5,3.5,73.6,77.4,53.8,67.9,Moderate / Average,Medium Risk,"Focus on weaker topics, improve internal marks, and add 1-2 study hours daily."
STU20240789,Olivia Deshmukh,89.5,3.8,77.6,75.5,69.7,73.6,Moderate / Average,Medium Risk,"Focus on weaker topics, improve internal marks, and add 1-2 study hours daily."
STU20240790,Benjamin Mukherjee,61.1,4.6,63.4,56.2,51.3,56.7,Moderate / Average,Medium Risk,"Focus on weaker topics, improve internal marks, and add 1-2 study hours daily."
STU20240791,Lucas Walker,86.2,4.1,80.4,63.3,97.0,78.4,High Distinction,Low Risk,Maintain current study consistency and active participation.
STU20240792,Abigail Walker,93.2,6.3,100.0,86.6,80.9,87.5,High Distinction,Low Risk,Maintain current study consistency and active participation.
STU20240793,Sanjay Miller,80.7,5.7,76.9,73.1,61.6,71.1,Moderate / Average,Medium Risk,"Focus on weaker topics, improve internal marks, and add 1-2 study hours daily."
STU20240794,Sunita Mehta,66.5,3.8,70.7,67.0,98.7,72.8,Moderate / Average,Medium Risk,"Focus on weaker topics, improve internal marks, and add 1-2 study hours daily."
STU20240795,Sophia Martin,90.9,6.7,98.9,90.1,74.6,86.3,High Distinction,Low Risk,Maintain current study consistency and active participation.
STU20240796,Oliver Anderson,79.6,7.6,82.8,65.6,76.6,76.5,High Distinction,Low Risk,Maintain current study consistency and active participation.
STU20240797,Ananya Sharma,54.6,0.5,39.6,64.6,47.2,46.0,Needs Attention,High Risk,Immediate remedial assistance recommended. Boost attendance and study hours.
STU20240798,Sophia Patel,65.5,5.9,76.2,78.4,60.1,68.8,Moderate / Average,Medium Risk,"Focus on weaker topics, improve internal marks, and add 1-2 study hours daily."
STU20240799,Henry Brown,70.6,3.0,40.8,45.8,64.2,52.5,Moderate / Average,Medium Risk,"Focus on weaker topics, improve internal marks, and add 1-2 study hours daily."
STU20240800,Sunita Perez,99.1,5.6,59.6,100.0,57.4,74.7,Moderate / Average,Medium Risk,"Focus on weaker topics, improve internal marks, and add 1-2 study hours daily."
STU20240801,Ella Reddy,96.6,6.4,87.5,85.6,91.9,87.7,High Distinction,Low Risk,Maintain current study consistency and active participation.
STU20240802,Meera Rao,96.6,2.6,48.5,68.9,58.3,62.4,Moderate / Average,Medium Risk,"Focus on weaker topics, improve internal marks, and add 1-2 study hours daily."
STU20240803,Daniel Sharma,81.3,0.9,47.2,67.8,55.0,56.3,Moderate / Average,Medium Risk,"Focus on weaker topics, improve internal marks, and add 1-2 study hours daily."
STU20240804,Sanjay Jones,90.8,5.7,75.8,70.0,84.4,77.9,High Distinction,Low Risk,Maintain current study consistency and active participation.
STU20240805,Neha Jones,62.0,4.4,56.7,69.5,60.9,60.1,Moderate / Average,Medium Risk,"Focus on weaker topics, improve internal marks, and add 1-2 study hours daily."
STU20240806,Abigail Harris,78.1,1.2,58.6,55.5,57.3,56.9,Moderate / Average,Medium Risk,"Focus on weaker topics, improve internal marks, and add 1-2 study hours daily."
STU20240807,Priya Johnson,84.3,8.8,98.0,100.0,73.8,88.6,High Distinction,Low Risk,Maintain current study consistency and active participation.
STU20240808,Nikhil Rao,63.0,5.3,69.5,67.7,86.9,70.5,Moderate / Average,Medium Risk,"Focus on weaker topics, improve internal marks, and add 1-2 study hours daily."
STU20240809,Mason Iyer,80.9,5.4,66.2,80.1,77.8,73.6,Moderate / Average,Medium Risk,"Focus on weaker topics, improve internal marks, and add 1-2 study hours daily."
STU20240810,Oliver Harris,100.0,6.7,100.0,77.7,72.3,85.3,High Distinction,Low Risk,Maintain current study consistency and active participation.
STU20240811,Siddharth Williams,85.8,3.2,55.3,78.0,69.4,67.1,Moderate / Average,Medium Risk,"Focus on weaker topics, improve internal marks, and add 1-2 study hours daily."
STU20240812,Mia Martin,90.8,4.4,77.6,75.4,61.4,72.4,Moderate / Average,Medium Risk,"Focus on weaker topics, improve internal marks, and add 1-2 study hours daily."
STU20240813,Sneha Reddy,43.7,1.8,32.8,38.4,65.9,42.9,Needs Attention,High Risk,Immediate remedial assistance recommended. Boost attendance and study hours.
STU20240814,Nikhil Singh,99.8,3.1,77.4,73.5,74.2,75.7,High Distinction,Low Risk,Maintain current study consistency and active participation.
STU20240815,Ishita Walker,75.4,4.9,67.7,88.3,59.3,69.4,Moderate / Average,Medium Risk,"Focus on weaker topics, improve internal marks, and add 1-2 study hours daily."
STU20240816,Deepika Mehta,67.2,1.2,66.5,66.3,62.1,60.0,Moderate / Average,Medium Risk,"Focus on weaker topics, improve internal marks, and add 1-2 study hours daily."
STU20240817,Elijah Menon,75.6,3.1,72.4,63.1,61.0,64.2,Moderate / Average,Medium Risk,"Focus on weaker topics, improve internal marks, and add 1-2 study hours daily."
STU20240818,Harsh Clark,57.2,2.5,50.0,41.2,42.6,45.3,Needs Attention,High Risk,Immediate remedial assistance recommended. Boost attendance and study hours.
STU20240819,Liam Patel,92.7,4.5,68.7,69.0,77.8,73.5,Moderate / Average,Medium Risk,"Focus on weaker topics, improve internal marks, and add 1-2 study hours daily."
STU20240820,Sunita Iyer,73.3,5.2,67.8,58.2,72.8,66.6,Moderate / Average,Medium Risk,"Focus on weaker topics, improve internal marks, and add 1-2 study hours daily."
STU20240821,Ananya Nair,67.7,5.5,88.4,52.9,79.6,71.6,Moderate / Average,Medium Risk,"Focus on weaker topics, improve internal marks, and add 1-2 study hours daily."
STU20240822,Deepika White,75.6,6.0,90.6,80.8,73.1,78.2,High Distinction,Low Risk,Maintain current study consistency and active participation.
STU20240823,Abigail Kumar,93.7,6.7,74.2,82.9,82.0,81.1,High Distinction,Low Risk,Maintain current study consistency and active participation.
STU20240824,Benjamin Anderson,79.8,5.3,81.9,89.7,73.4,78.0,High Distinction,Low Risk,Maintain current study consistency and active participation.
STU20240825,Tanvi Joshi,58.3,7.6,55.3,62.2,87.2,67.3,Moderate / Average,Medium Risk,"Focus on weaker topics, improve internal marks, and add 1-2 study hours daily."
STU20240826,Ella Wilson,84.5,4.4,68.4,73.1,67.7,69.9,Moderate / Average,Medium Risk,"Focus on weaker topics, improve internal marks, and add 1-2 study hours daily."
STU20240827,Varun Harris,65.0,3.9,54.2,51.9,67.1,57.6,Moderate / Average,Medium Risk,"Focus on weaker topics, improve internal marks, and add 1-2 study hours daily."
STU20240828,Rohan Deshmukh,47.8,5.3,71.8,56.1,66.8,60.7,Moderate / Average,Medium Risk,"Focus on weaker topics, improve internal marks, and add 1-2 study hours daily."
STU20240829,Benjamin Das,98.9,3.8,63.8,75.1,77.5,73.9,Moderate / Average,Medium Risk,"Focus on weaker topics, improve internal marks, and add 1-2 study hours daily."
STU20240830,Amit Martin,84.4,7.5,87.1,77.5,76.6,80.8,High Distinction,Low Risk,Maintain current study consistency and active participation.
STU20240831,Neha Reddy,76.9,6.2,75.6,75.2,74.7,74.2,Moderate / Average,Medium Risk,"Focus on weaker topics, improve internal marks, and add 1-2 study hours daily."
STU20240832,Divya Rao,73.2,5.6,70.4,80.6,69.5,71.3,Moderate / Average,Medium Risk,"Focus on weaker topics, improve internal marks, and add 1-2 study hours daily."
STU20240833,Mia Smith,97.6,4.4,94.8,85.9,95.0,88.6,High Distinction,Low Risk,Maintain current study consistency and active participation.
STU20240834,Liam Patel,100.0,3.5,93.8,69.8,68.9,78.1,High Distinction,Low Risk,Maintain current study consistency and active participation.
STU20240835,Nikhil Robinson,84.3,5.5,74.9,75.5,64.9,72.4,Moderate / Average,Medium Risk,"Focus on weaker topics, improve internal marks, and add 1-2 study hours daily."
STU20240836,James Kumar,63.6,2.2,54.0,66.8,56.8,56.0,Moderate / Average,Medium Risk,"Focus on weaker topics, improve internal marks, and add 1-2 study hours daily."
STU20240837,Rohan Martin,75.8,7.0,62.7,85.6,74.8,73.7,Moderate / Average,Medium Risk,"Focus on weaker topics, improve internal marks, and add 1-2 study hours daily."
STU20240838,Mia Johnson,84.0,3.9,71.0,65.7,71.1,69.4,Moderate / Average,Medium Risk,"Focus on weaker topics, improve internal marks, and add 1-2 study hours daily."
STU20240839,Noah Kumar,45.1,4.7,77.6,65.3,53.3,59.5,Moderate / Average,Medium Risk,"Focus on weaker topics, improve internal marks, and add 1-2 study hours daily."
STU20240840,Arjun Bhat,82.7,2.6,65.1,70.9,65.8,66.0,Moderate / Average,Medium Risk,"Focus on weaker topics, improve internal marks, and add 1-2 study hours daily."
STU20240841,Daniel Nair,84.1,5.5,83.5,66.1,75.2,75.2,High Distinction,Low Risk,Maintain current study consistency and active participation.
STU20240842,Siddharth Menon,96.6,3.4,60.5,82.4,81.1,74.6,Moderate / Average,Medium Risk,"Focus on weaker topics, improve internal marks, and add 1-2 study hours daily."
STU20240843,Sarah Jones,95.1,5.4,76.0,81.0,78.4,79.2,High Distinction,Low Risk,Maintain current study consistency and active participation.
STU20240844,Charlotte Singh,79.6,5.6,79.4,58.6,73.7,71.5,Moderate / Average,Medium Risk,"Focus on weaker topics, improve internal marks, and add 1-2 study hours daily."
STU20240845,Nikhil Nair,99.2,3.0,75.3,72.6,76.9,75.4,High Distinction,Low Risk,Maintain current study consistency and active participation.
STU20240846,Evelyn Clark,100.0,2.2,80.3,73.9,78.3,76.6,High Distinction,Low Risk,Maintain current study consistency and active participation.
STU20240847,Meera Iyer,78.4,7.0,72.7,71.8,66.6,71.9,Moderate / Average,Medium Risk,"Focus on weaker topics, improve internal marks, and add 1-2 study hours daily."
STU20240848,Mason Williams,83.9,3.9,53.5,82.7,56.5,64.7,Moderate / Average,Medium Risk,"Focus on weaker topics, improve internal marks, and add 1-2 study hours daily."
STU20240849,Emma Nair,53.3,4.6,72.3,73.1,77.4,67.3,Moderate / Average,Medium Risk,"Focus on weaker topics, improve internal marks, and add 1-2 study hours daily."
STU20240850,Amit Davis,57.7,5.1,55.0,61.2,70.5,60.3,Moderate / Average,Medium Risk,"Focus on weaker topics, improve internal marks, and add 1-2 study hours daily."
STU20240851,Ella Bhat,66.3,1.9,62.7,55.5,54.7,55.6,Moderate / Average,Medium Risk,"Focus on weaker topics, improve internal marks, and add 1-2 study hours daily."
STU20240852,Henry Deshmukh,71.8,5.0,74.2,68.6,68.3,68.7,Moderate / Average,Medium Risk,"Focus on weaker topics, improve internal marks, and add 1-2 study hours daily."
STU20240853,James Patel,62.7,4.4,47.5,63.0,59.2,56.2,Moderate / Average,Medium Risk,"Focus on weaker topics, improve internal marks, and add 1-2 study hours daily."
STU20240854,Sunita Bhat,77.5,3.0,76.1,61.6,66.2,66.4,Moderate / Average,Medium Risk,"Focus on weaker topics, improve internal marks, and add 1-2 study hours daily."
STU20240855,Mia Bhat,72.2,2.1,54.9,29.3,49.9,48.6,Needs Attention,High Risk,Immediate remedial assistance recommended. Boost attendance and study hours.
STU20240856,David Williams,93.0,5.3,79.7,94.4,84.9,83.9,High Distinction,Low Risk,Maintain current study consistency and active participation.
STU20240857,Henry Bose,71.4,6.2,69.8,72.6,73.3,70.8,Moderate / Average,Medium Risk,"Focus on weaker topics, improve internal marks, and add 1-2 study hours daily."
STU20240858,Rahul Harris,46.0,4.5,74.0,57.1,59.7,58.5,Moderate / Average,Medium Risk,"Focus on weaker topics, improve internal marks, and add 1-2 study hours daily."
STU20240859,Aditya Miller,79.8,1.6,75.5,67.3,51.8,62.8,Moderate / Average,Medium Risk,"Focus on weaker topics, improve internal marks, and add 1-2 study hours daily."
STU20240860,Amelia Robinson,77.8,2.3,45.4,64.6,67.4,59.0,Moderate / Average,Medium Risk,"Focus on weaker topics, improve internal marks, and add 1-2 study hours daily."
STU20240861,Ethan Williams,65.9,3.4,84.8,59.7,52.6,62.9,Moderate / Average,Medium Risk,"Focus on weaker topics, improve internal marks, and add 1-2 study hours daily."
STU20240862,Elijah Martin,79.3,7.0,72.3,68.6,69.8,72.1,Moderate / Average,Medium Risk,"Focus on weaker topics, improve internal marks, and add 1-2 study hours daily."
STU20240863,Sanjay Kapoor,62.9,3.8,83.3,46.9,62.3,62.2,Moderate / Average,Medium Risk,"Focus on weaker topics, improve internal marks, and add 1-2 study hours daily."
STU20240864,David Das,82.6,3.4,66.4,57.7,92.2,71.1,Moderate / Average,Medium Risk,"Focus on weaker topics, improve internal marks, and add 1-2 study hours daily."
STU20240865,Shreya Gupta,100.0,1.2,65.4,60.9,68.3,66.8,Moderate / Average,Medium Risk,"Focus on weaker topics, improve internal marks, and add 1-2 study hours daily."
STU20240866,Ananya Chopra,52.7,3.0,53.2,63.4,29.8,47.0,Needs Attention,High Risk,Immediate remedial assistance recommended. Boost attendance and study hours.
STU20240867,Michael Mehta,70.8,2.0,55.7,68.4,52.4,56.9,Moderate / Average,Medium Risk,"Focus on weaker topics, improve internal marks, and add 1-2 study hours daily."
STU20240868,Olivia Perez,68.5,2.4,85.3,54.1,66.0,64.7,Moderate / Average,Medium Risk,"Focus on weaker topics, improve internal marks, and add 1-2 study hours daily."
STU20240869,Oliver Chopra,71.9,4.4,67.1,44.3,55.1,58.2,Moderate / Average,Medium Risk,"Focus on weaker topics, improve internal marks, and add 1-2 study hours daily."
STU20240870,Meera Kapoor,92.3,3.5,70.1,73.9,79.1,74.0,Moderate / Average,Medium Risk,"Focus on weaker topics, improve internal marks, and add 1-2 study hours daily."
STU20240871,Aditi Brown,85.6,7.3,83.4,77.0,81.4,81.0,High Distinction,Low Risk,Maintain current study consistency and active participation.
STU20240872,Amit Walker,89.9,6.1,70.8,75.4,87.7,78.8,High Distinction,Low Risk,Maintain current study consistency and active participation.
STU20240873,Pooja Mukherjee,78.4,3.1,82.3,76.1,59.2,69.4,Moderate / Average,Medium Risk,"Focus on weaker topics, improve internal marks, and add 1-2 study hours daily."
STU20240874,Aditi Deshmukh,59.5,2.5,42.1,60.1,50.0,49.4,Needs Attention,High Risk,Immediate remedial assistance recommended. Boost attendance and study hours.
STU20240875,Amit Lewis,62.4,6.7,65.3,61.7,75.6,66.7,Moderate / Average,Medium Risk,"Focus on weaker topics, improve internal marks, and add 1-2 study hours daily."
STU20240876,Abigail Davis,88.4,7.2,92.8,70.7,80.5,82.3,High Distinction,Low Risk,Maintain current study consistency and active participation.
STU20240877,Amelia Chopra,80.4,0.5,59.2,59.4,57.0,57.5,Moderate / Average,Medium Risk,"Focus on weaker topics, improve internal marks, and add 1-2 study hours daily."
STU20240878,Mia Harris,95.6,4.4,82.8,69.2,90.3,80.6,High Distinction,Low Risk,Maintain current study consistency and active participation.
STU20240879,Henry Joshi,82.1,3.7,85.0,69.8,73.9,73.8,Moderate / Average,Medium Risk,"Focus on weaker topics, improve internal marks, and add 1-2 study hours daily."
STU20240880,Evelyn Iyer,61.4,5.4,76.9,76.1,45.8,63.6,Moderate / Average,Medium Risk,"Focus on weaker topics, improve internal marks, and add 1-2 study hours daily."
STU20240881,Aditya Perez,70.7,7.7,79.3,63.7,83.8,75.4,High Distinction,Low Risk,Maintain current study consistency and active participation.
STU20240882,Sneha Mehta,85.9,3.3,90.8,71.7,75.0,76.3,High Distinction,Low Risk,Maintain current study consistency and active participation.
STU20240883,Liam Deshmukh,87.9,0.5,55.5,72.9,72.1,64.6,Moderate / Average,Medium Risk,"Focus on weaker topics, improve internal marks, and add 1-2 study hours daily."
STU20240884,Mia Robinson,90.0,5.2,76.6,76.4,65.7,74.1,Moderate / Average,Medium Risk,"Focus on weaker topics, improve internal marks, and add 1-2 study hours daily."
STU20240885,Shreya Jones,63.3,6.7,71.5,77.3,73.5,71.1,Moderate / Average,Medium Risk,"Focus on weaker topics, improve internal marks, and add 1-2 study hours daily."
STU20240886,Sophia Rao,61.2,3.7,60.3,59.9,61.6,58.4,Moderate / Average,Medium Risk,"Focus on weaker topics, improve internal marks, and add 1-2 study hours daily."
STU20240887,James Jackson,75.3,2.9,53.7,67.4,53.5,58.2,Moderate / Average,Medium Risk,"Focus on weaker topics, improve internal marks, and add 1-2 study hours daily."
STU20240888,Priya Anderson,98.2,3.4,59.3,79.8,82.0,74.3,Moderate / Average,Medium Risk,"Focus on weaker topics, improve internal marks, and add 1-2 study hours daily."
STU20240889,Olivia Kapoor,68.3,5.7,74.7,65.1,66.6,67.7,Moderate / Average,Medium Risk,"Focus on weaker topics, improve internal marks, and add 1-2 study hours daily."
STU20240890,Ella Reddy,84.4,3.4,63.3,88.5,79.3,73.6,Moderate / Average,Medium Risk,"Focus on weaker topics, improve internal marks, and add 1-2 study hours daily."
STU20240891,David Davis,84.4,4.8,93.2,79.3,64.5,77.0,High Distinction,Low Risk,Maintain current study consistency and active participation.
STU20240892,Pooja Jackson,88.7,4.3,73.5,86.2,57.3,72.0,Moderate / Average,Medium Risk,"Focus on weaker topics, improve internal marks, and add 1-2 study hours daily."
STU20240893,Varun Mehta,100.0,4.1,75.6,87.9,72.9,78.8,High Distinction,Low Risk,Maintain current study consistency and active participation.
STU20240894,Deepika Sharma,99.9,5.5,93.5,84.7,81.8,86.2,High Distinction,Low Risk,Maintain current study consistency and active participation.
STU20240895,Emily Clark,69.7,3.3,67.5,77.2,57.0,63.8,Moderate / Average,Medium Risk,"Focus on weaker topics, improve internal marks, and add 1-2 study hours daily."
STU20240896,Sunita Wilson,48.6,3.4,53.6,58.7,25.0,44.5,Needs Attention,High Risk,Immediate remedial assistance recommended. Boost attendance and study hours.
STU20240897,Ella Brown,68.5,5.6,63.9,63.5,72.6,66.1,Moderate / Average,Medium Risk,"Focus on weaker topics, improve internal marks, and add 1-2 study hours daily."
STU20240898,Harper Walker,79.1,2.4,100.0,66.2,66.7,73.1,Moderate / Average,Medium Risk,"Focus on weaker topics, improve internal marks, and add 1-2 study hours daily."
STU20240899,Pooja Kapoor,72.9,2.6,66.1,55.1,68.2,61.8,Moderate / Average,Medium Risk,"Focus on weaker topics, improve internal marks, and add 1-2 study hours daily."
STU20240900,Nikhil Joshi,100.0,1.9,81.9,53.8,64.9,69.4,Moderate / Average,Medium Risk,"Focus on weaker topics, improve internal marks, and add 1-2 study hours daily."
STU20240901,Kavita Johnson,78.3,5.7,64.3,66.3,68.2,67.7,Moderate / Average,Medium Risk,"Focus on weaker topics, improve internal marks, and add 1-2 study hours daily."
STU20240902,Sneha Walker,87.2,4.0,66.9,73.8,84.9,74.2,Moderate / Average,Medium Risk,"Focus on weaker topics, improve internal marks, and add 1-2 study hours daily."
STU20240903,Siddharth Bose,81.0,1.8,84.3,74.8,46.0,65.5,Moderate / Average,Medium Risk,"Focus on weaker topics, improve internal marks, and add 1-2 study hours daily."
STU20240904,Rahul Jones,73.1,5.7,86.4,64.3,68.2,71.8,Moderate / Average,Medium Risk,"Focus on weaker topics, improve internal marks, and add 1-2 study hours daily."
STU20240905,Olivia Smith,51.1,3.2,60.3,66.5,56.9,56.0,Moderate / Average,Medium Risk,"Focus on weaker topics, improve internal marks, and add 1-2 study hours daily."
STU20240906,Tanvi White,76.9,2.6,60.3,54.8,68.8,61.2,Moderate / Average,Medium Risk,"Focus on weaker topics, improve internal marks, and add 1-2 study hours daily."
STU20240907,Jessica Menon,100.0,3.8,74.8,69.2,76.1,75.4,High Distinction,Low Risk,Maintain current study consistency and active participation.
STU20240908,Lucas Menon,60.6,6.9,64.6,83.3,60.7,67.0,Moderate / Average,Medium Risk,"Focus on weaker topics, improve internal marks, and add 1-2 study hours daily."
STU20240909,James Reddy,52.6,3.5,45.7,59.2,68.6,54.4,Moderate / Average,Medium Risk,"Focus on weaker topics, improve internal marks, and add 1-2 study hours daily."
STU20240910,Varun Joshi,100.0,5.2,90.9,79.4,78.6,83.5,High Distinction,Low Risk,Maintain current study consistency and active participation.
STU20240911,Amit Mukherjee,88.4,5.5,83.3,79.5,58.8,74.6,Moderate / Average,Medium Risk,"Focus on weaker topics, improve internal marks, and add 1-2 study hours daily."
STU20240912,Arjun Walker,80.6,5.0,80.6,62.3,73.3,72.1,Moderate / Average,Medium Risk,"Focus on weaker topics, improve internal marks, and add 1-2 study hours daily."
STU20240913,James Smith,97.1,6.5,81.3,80.2,86.2,83.8,High Distinction,Low Risk,Maintain current study consistency and active participation.
STU20240914,Kavita Deshmukh,66.4,2.9,63.4,62.5,79.5,64.4,Moderate / Average,Medium Risk,"Focus on weaker topics, improve internal marks, and add 1-2 study hours daily."
STU20240915,Aditi Brown,76.5,2.3,58.6,75.9,65.8,63.9,Moderate / Average,Medium Risk,"Focus on weaker topics, improve internal marks, and add 1-2 study hours daily."
STU20240916,Ishita Jackson,91.4,2.3,61.6,55.4,52.1,60.1,Moderate / Average,Medium Risk,"Focus on weaker topics, improve internal marks, and add 1-2 study hours daily."
STU20240917,Siddharth Lewis,100.0,3.9,94.2,93.6,60.2,81.2,High Distinction,Low Risk,Maintain current study consistency and active participation.
STU20240918,Rohan Davis,61.6,2.5,58.9,58.5,69.6,58.6,Moderate / Average,Medium Risk,"Focus on weaker topics, improve internal marks, and add 1-2 study hours daily."
STU20240919,William Robinson,95.9,4.5,82.8,67.7,67.0,74.7,Moderate / Average,Medium Risk,"Focus on weaker topics, improve internal marks, and add 1-2 study hours daily."
STU20240920,James Thomas,83.3,4.3,80.4,60.8,54.6,66.9,Moderate / Average,Medium Risk,"Focus on weaker topics, improve internal marks, and add 1-2 study hours daily."
STU20240921,Harper Miller,80.3,6.0,77.7,78.0,84.1,78.1,High Distinction,Low Risk,Maintain current study consistency and active participation.
STU20240922,Mason Anderson,77.9,4.7,73.6,59.2,64.6,66.7,Moderate / Average,Medium Risk,"Focus on weaker topics, improve internal marks, and add 1-2 study hours daily."
STU20240923,Rahul Taylor,58.6,3.5,48.8,56.0,68.5,55.7,Moderate / Average,Medium Risk,"Focus on weaker topics, improve internal marks, and add 1-2 study hours daily."
STU20240924,Harsh Nair,91.5,4.9,68.3,74.8,65.6,71.6,Moderate / Average,Medium Risk,"Focus on weaker topics, improve internal marks, and add 1-2 study hours daily."
STU20240925,Rohan Sharma,67.0,2.3,49.7,71.5,73.1,60.7,Moderate / Average,Medium Risk,"Focus on weaker topics, improve internal marks, and add 1-2 study hours daily."
STU20240926,Tanvi Das,62.9,4.1,69.3,73.3,71.0,66.4,Moderate / Average,Medium Risk,"Focus on weaker topics, improve internal marks, and add 1-2 study hours daily."
STU20240927,Arjun Menon,90.4,4.8,77.2,70.6,66.8,73.0,Moderate / Average,Medium Risk,"Focus on weaker topics, improve internal marks, and add 1-2 study hours daily."
STU20240928,Benjamin Martin,89.0,4.4,65.7,72.9,55.7,67.1,Moderate / Average,Medium Risk,"Focus on weaker topics, improve internal marks, and add 1-2 study hours daily."
STU20240929,Sarah Johnson,79.1,4.9,78.1,57.9,93.4,75.2,High Distinction,Low Risk,Maintain current study consistency and active participation.
STU20240930,Meera Jones,93.1,3.0,77.3,54.5,67.5,68.7,Moderate / Average,Medium Risk,"Focus on weaker topics, improve internal marks, and add 1-2 study hours daily."
STU20240931,William Miller,98.0,6.3,77.4,71.9,73.6,78.0,High Distinction,Low Risk,Maintain current study consistency and active participation.
STU20240932,David Singh,96.3,7.5,87.2,95.5,98.1,92.2,High Distinction,Low Risk,Maintain current study consistency and active participation.
STU20240933,Shreya Martin,70.6,1.3,62.9,67.1,66.1,61.1,Moderate / Average,Medium Risk,"Focus on weaker topics, improve internal marks, and add 1-2 study hours daily."
STU20240934,Varun Walker,92.2,2.0,59.7,73.5,78.1,69.6,Moderate / Average,Medium Risk,"Focus on weaker topics, improve internal marks, and add 1-2 study hours daily."
STU20240935,Sanjay Singh,81.0,4.3,76.8,58.4,68.3,68.5,Moderate / Average,Medium Risk,"Focus on weaker topics, improve internal marks, and add 1-2 study hours daily."
STU20240936,Arjun Lewis,100.0,3.7,79.9,70.8,92.9,81.1,High Distinction,Low Risk,Maintain current study consistency and active participation.
STU20240937,Lucas Gupta,76.3,7.6,69.8,70.3,64.4,70.5,Moderate / Average,Medium Risk,"Focus on weaker topics, improve internal marks, and add 1-2 study hours daily."
STU20240938,Rohan Walker,73.0,4.6,71.1,67.7,61.8,66.0,Moderate / Average,Medium Risk,"Focus on weaker topics, improve internal marks, and add 1-2 study hours daily."
STU20240939,William Harris,69.4,6.7,77.9,71.1,76.3,73.4,Moderate / Average,Medium Risk,"Focus on weaker topics, improve internal marks, and add 1-2 study hours daily."
STU20240940,Shreya Patel,80.7,0.5,52.6,52.9,69.4,57.7,Moderate / Average,Medium Risk,"Focus on weaker topics, improve internal marks, and add 1-2 study hours daily."
STU20240941,Ishita Jones,84.5,5.7,71.6,79.5,81.3,76.7,High Distinction,Low Risk,Maintain current study consistency and active participation.
STU20240942,Daniel Perez,84.8,2.9,58.1,71.5,65.6,65.1,Moderate / Average,Medium Risk,"Focus on weaker topics, improve internal marks, and add 1-2 study hours daily."
STU20240943,Divya Gupta,82.9,2.9,63.0,62.2,61.0,62.9,Moderate / Average,Medium Risk,"Focus on weaker topics, improve internal marks, and add 1-2 study hours daily."
STU20240944,Varun Anderson,87.4,3.8,72.0,75.5,81.7,74.8,Moderate / Average,Medium Risk,"Focus on weaker topics, improve internal marks, and add 1-2 study hours daily."
STU20240945,Ava Kumar,74.9,1.6,54.6,72.6,66.7,61.4,Moderate / Average,Medium Risk,"Focus on weaker topics, improve internal marks, and add 1-2 study hours daily."
STU20240946,Charlotte Jackson,65.8,5.0,52.5,80.4,57.3,61.7,Moderate / Average,Medium Risk,"Focus on weaker topics, improve internal marks, and add 1-2 study hours daily."
STU20240947,Deepika Verma,64.6,4.5,58.4,70.2,55.1,59.8,Moderate / Average,Medium Risk,"Focus on weaker topics, improve internal marks, and add 1-2 study hours daily."
STU20240948,Sarah Singh,91.7,4.7,72.5,80.7,68.7,74.5,Moderate / Average,Medium Risk,"Focus on weaker topics, improve internal marks, and add 1-2 study hours daily."
STU20240949,Siddharth Williams,84.6,5.8,85.6,74.5,68.3,76.1,High Distinction,Low Risk,Maintain current study consistency and active participation.
STU20240950,Varun Singh,52.0,6.9,73.8,76.3,77.2,70.3,Moderate / Average,Medium Risk,"Focus on weaker topics, improve internal marks, and add 1-2 study hours daily."
STU20240951,Alexander Wilson,93.4,3.5,81.9,64.6,75.5,74.4,Moderate / Average,Medium Risk,"Focus on weaker topics, improve internal marks, and add 1-2 study hours daily."
STU20240952,Sophia Wilson,100.0,5.1,73.9,89.0,83.9,82.4,High Distinction,Low Risk,Maintain current study consistency and active participation.
STU20240953,Lucas Chopra,68.0,4.7,68.7,65.0,67.8,65.4,Moderate / Average,Medium Risk,"Focus on weaker topics, improve internal marks, and add 1-2 study hours daily."
STU20240954,Charlotte Deshmukh,82.7,4.9,49.5,87.1,74.0,69.7,Moderate / Average,Medium Risk,"Focus on weaker topics, improve internal marks, and add 1-2 study hours daily."
STU20240955,Siddharth Martin,71.4,4.9,73.5,74.7,51.9,65.5,Moderate / Average,Medium Risk,"Focus on weaker topics, improve internal marks, and add 1-2 study hours daily."
STU20240956,Ethan Das,86.8,7.1,88.5,80.1,87.6,84.5,High Distinction,Low Risk,Maintain current study consistency and active participation.
STU20240957,Liam Singh,61.7,3.4,57.0,59.8,54.2,55.5,Moderate / Average,Medium Risk,"Focus on weaker topics, improve internal marks, and add 1-2 study hours daily."
STU20240958,Siddharth Jackson,77.0,1.5,63.6,67.7,59.1,61.1,Moderate / Average,Medium Risk,"Focus on weaker topics, improve internal marks, and add 1-2 study hours daily."
STU20240959,Rajesh Harris,91.7,2.9,55.8,76.4,64.1,66.5,Moderate / Average,Medium Risk,"Focus on weaker topics, improve internal marks, and add 1-2 study hours daily."
STU20240960,Liam Davis,95.3,5.6,73.0,76.6,79.6,78.1,High Distinction,Low Risk,Maintain current study consistency and active participation.
STU20240961,Pooja Deshmukh,84.0,4.2,79.7,73.2,75.7,74.5,Moderate / Average,Medium Risk,"Focus on weaker topics, improve internal marks, and add 1-2 study hours daily."
STU20240962,Arjun Miller,73.3,3.4,70.3,74.4,53.8,64.0,Moderate / Average,Medium Risk,"Focus on weaker topics, improve internal marks, and add 1-2 study hours daily."
STU20240963,Deepika Jackson,55.7,2.3,50.5,44.6,56.9,49.2,Needs Attention,High Risk,Immediate remedial assistance recommended. Boost attendance and study hours.
STU20240964,Emma Anderson,67.4,4.6,74.8,73.6,60.9,66.7,Moderate / Average,Medium Risk,"Focus on weaker topics, improve internal marks, and add 1-2 study hours daily."
STU20240965,Ethan Mehta,71.4,5.4,72.2,75.3,82.4,73.4,Moderate / Average,Medium Risk,"Focus on weaker topics, improve internal marks, and add 1-2 study hours daily."
STU20240966,Amelia Deshmukh,68.2,4.8,62.6,78.6,55.1,63.6,Moderate / Average,Medium Risk,"Focus on weaker topics, improve internal marks, and add 1-2 study hours daily."
STU20240967,Ella Bose,78.8,3.7,66.5,62.8,56.7,62.8,Moderate / Average,Medium Risk,"Focus on weaker topics, improve internal marks, and add 1-2 study hours daily."
STU20240968,Aditi Bose,73.2,4.5,64.1,69.1,63.5,64.9,Moderate / Average,Medium Risk,"Focus on weaker topics, improve internal marks, and add 1-2 study hours daily."
STU20240969,Ethan Williams,80.4,4.5,59.7,73.6,60.4,65.3,Moderate / Average,Medium Risk,"Focus on weaker topics, improve internal marks, and add 1-2 study hours daily."
STU20240970,Sophia Bose,94.8,4.5,89.9,83.9,72.4,80.8,High Distinction,Low Risk,Maintain current study consistency and active participation.
STU20240971,Amit Clark,72.3,2.1,55.0,66.6,54.3,57.2,Moderate / Average,Medium Risk,"Focus on weaker topics, improve internal marks, and add 1-2 study hours daily."
STU20240972,Emily Mukherjee,58.6,4.6,54.8,52.6,63.2,56.3,Moderate / Average,Medium Risk,"Focus on weaker topics, improve internal marks, and add 1-2 study hours daily."
STU20240973,Aditi Das,68.2,3.4,47.9,67.0,72.2,60.5,Moderate / Average,Medium Risk,"Focus on weaker topics, improve internal marks, and add 1-2 study hours daily."
STU20240974,Oliver Clark,86.2,6.1,52.6,96.0,77.2,75.0,High Distinction,Low Risk,Maintain current study consistency and active participation.
STU20240975,Lucas Jones,87.5,4.4,81.1,79.8,73.4,76.5,High Distinction,Low Risk,Maintain current study consistency and active participation.
STU20240976,Mia Bhat,83.7,5.7,84.7,90.8,63.8,77.7,High Distinction,Low Risk,Maintain current study consistency and active participation.
STU20240977,Siddharth Patel,96.2,3.7,87.3,85.2,71.4,79.7,High Distinction,Low Risk,Maintain current study consistency and active participation.
STU20240978,Nikhil Iyer,75.4,3.7,65.5,80.2,61.3,66.5,Moderate / Average,Medium Risk,"Focus on weaker topics, improve internal marks, and add 1-2 study hours daily."
STU20240979,Neha Iyer,100.0,6.9,83.9,88.0,90.5,88.1,High Distinction,Low Risk,Maintain current study consistency and active participation.
STU20240980,Neha Mukherjee,89.5,5.0,71.7,81.2,66.7,73.7,Moderate / Average,Medium Risk,"Focus on weaker topics, improve internal marks, and add 1-2 study hours daily."
STU20240981,Lucas Deshmukh,42.7,2.9,47.2,55.8,43.0,45.2,Needs Attention,High Risk,Immediate remedial assistance recommended. Boost attendance and study hours.
STU20240982,Liam Johnson,100.0,5.8,94.8,82.5,83.6,86.9,High Distinction,Low Risk,Maintain current study consistency and active participation.
STU20240983,Vikram Singh,67.3,3.2,61.9,70.3,81.0,66.4,Moderate / Average,Medium Risk,"Focus on weaker topics, improve internal marks, and add 1-2 study hours daily."
STU20240984,Ella Robinson,63.5,4.6,68.9,60.9,62.3,62.3,Moderate / Average,Medium Risk,"Focus on weaker topics, improve internal marks, and add 1-2 study hours daily."
STU20240985,Ishita Gupta,85.3,7.5,78.7,98.1,82.0,84.4,High Distinction,Low Risk,Maintain current study consistency and active participation.
STU20240986,Siddharth Anderson,53.7,1.6,64.8,46.1,61.1,53.0,Moderate / Average,Medium Risk,"Focus on weaker topics, improve internal marks, and add 1-2 study hours daily."
STU20240987,Rhea Reddy,68.3,3.9,45.8,73.0,68.7,60.8,Moderate / Average,Medium Risk,"Focus on weaker topics, improve internal marks, and add 1-2 study hours daily."
STU20240988,Rahul Jackson,99.8,4.9,68.4,92.6,82.8,81.2,High Distinction,Low Risk,Maintain current study consistency and active participation.
STU20240989,Jessica Patel,85.8,5.6,81.0,75.0,73.9,76.5,High Distinction,Low Risk,Maintain current study consistency and active participation.
STU20240990,Liam Brown,89.4,2.0,84.7,59.0,64.5,69.0,Moderate / Average,Medium Risk,"Focus on weaker topics, improve internal marks, and add 1-2 study hours daily."
STU20240991,Siddharth Wilson,68.8,1.4,54.7,70.0,48.7,55.0,Moderate / Average,Medium Risk,"Focus on weaker topics, improve internal marks, and add 1-2 study hours daily."
STU20240992,Deepika Johnson,56.5,6.2,59.0,68.8,71.2,63.8,Moderate / Average,Medium Risk,"Focus on weaker topics, improve internal marks, and add 1-2 study hours daily."
STU20240993,Michael Johnson,87.9,2.9,79.4,78.0,72.1,74.0,Moderate / Average,Medium Risk,"Focus on weaker topics, improve internal marks, and add 1-2 study hours daily."
STU20240994,Amit Martin,91.0,2.8,73.6,70.6,75.4,72.4,Moderate / Average,Medium Risk,"Focus on weaker topics, improve internal marks, and add 1-2 study hours daily."
STU20240995,Henry Taylor,90.4,7.0,96.5,97.4,75.8,87.6,High Distinction,Low Risk,Maintain current study consistency and active participation.
STU20240996,Manish Kapoor,80.9,4.3,58.2,52.4,77.5,64.9,Moderate / Average,Medium Risk,"Focus on weaker topics, improve internal marks, and add 1-2 study hours daily."
STU20240997,Henry Singh,64.5,4.3,76.7,68.6,74.8,68.8,Moderate / Average,Medium Risk,"Focus on weaker topics, improve internal marks, and add 1-2 study hours daily."
STU20240998,James Deshmukh,100.0,3.9,62.0,89.8,62.6,73.0,Moderate / Average,Medium Risk,"Focus on weaker topics, improve internal marks, and add 1-2 study hours daily."
STU20240999,Rajesh Wilson,84.7,2.0,62.4,68.1,60.7,63.3,Moderate / Average,Medium Risk,"Focus on weaker topics, improve internal marks, and add 1-2 study hours daily."
STU20241000,Rahul Wilson,75.6,5.4,76.6,74.9,82.4,75.2,High Distinction,Low Risk,Maintain current study consistency and active participation.
